area,day,label
춘천,2022-06-15,7
춘천,2022-06-16,7
춘천,2022-06-17,7
춘천,2022-06-18,7
춘천,2022-06-19,7
춘천,2022-06-20,0
춘천,2022-06-21,0
춘천,2022-06-22,0
춘천,2022-06-23,7
춘천,2022-06-24,0
춘천,2022-06-25,0
춘천,2022-06-26,0
춘천,2022-06-27,0
춘천,2022-06-28,0
춘천,2022-06-29,0
춘천,2022-06-30,7
춘천,2022-07-01,0
춘천,2022-07-02,0
춘천,2022-07-03,0
춘천,2022-07-04,0
춘천,2022-07-05,0
춘천,2022-07-06,0
춘천,2022-07-07,0
춘천,2022-07-08,0
춘천,2022-07-09,0
춘천,2022-07-10,0
춘천,2022-07-11,0
춘천,2022-07-12,0
춘천,2022-07-13,7
춘천,2022-07-14,0
춘천,2022-07-15,0
춘천,2022-07-16,7
춘천,2022-07-17,0
춘천,2022-07-18,0
춘천,2022-07-19,0
춘천,2022-07-20,0
춘천,2022-07-21,7
춘천,2022-07-22,7
춘천,2022-07-23,0
춘천,2022-07-24,7
춘천,2022-07-25,0
춘천,2022-07-26,0
춘천,2022-07-27,0
춘천,2022-07-28,0
춘천,2022-07-29,0
춘천,2022-07-30,0
춘천,2022-07-31,0
춘천,2022-08-01,0
춘천,2022-08-02,8
춘천,2022-08-03,8
춘천,2022-08-04,8
춘천,2022-08-05,8
춘천,2022-08-06,8
춘천,2022-08-07,8
춘천,2022-08-08,8
춘천,2022-08-09,10
춘천,2022-08-10,8
춘천,2022-08-11,8
춘천,2022-08-12,8
춘천,2022-08-13,10
춘천,2022-08-14,8
춘천,2022-08-15,8
춘천,2022-08-16,8
춘천,2022-08-17,10
춘천,2022-08-18,10
춘천,2022-08-19,10
춘천,2022-08-20,8
춘천,2022-08-21,8
춘천,2022-08-22,8
춘천,2022-08-23,8
춘천,2022-08-24,10
춘천,2022-08-25,10
춘천,2022-08-26,10
춘천,2022-08-27,10
춘천,2022-08-28,6
춘천,2022-08-29,6
춘천,2022-08-30,6
춘천,2022-08-31,10
춘천,2022-09-01,10
춘천,2022-09-02,10
춘천,2022-09-03,10
춘천,2022-09-04,10
춘천,2022-09-05,6
춘천,2022-09-06,6
춘천,2022-09-07,6
춘천,2022-09-08,6
춘천,2022-09-09,10
춘천,2022-09-10,10
춘천,2022-09-11,10
춘천,2022-09-12,10
춘천,2022-09-13,10
춘천,2022-09-14,10
춘천,2022-09-15,10
춘천,2022-09-16,10
춘천,2022-09-17,10
춘천,2022-09-18,10
춘천,2022-09-19,10
춘천,2022-09-20,6
춘천,2022-09-21,6
춘천,2022-09-22,6
춘천,2022-09-23,6
춘천,2022-09-24,2
춘천,2022-09-25,6
춘천,2022-09-26,6
춘천,2022-09-27,6
춘천,2022-09-28,6
춘천,2022-09-29,6
춘천,2022-09-30,6
춘천,2022-10-01,6
춘천,2022-10-02,6
춘천,2022-10-03,6
춘천,2022-10-04,6
춘천,2022-10-05,2
춘천,2022-10-06,2
춘천,2022-10-07,2
춘천,2022-10-08,2
춘천,2022-10-09,2
춘천,2022-10-10,13
춘천,2022-10-11,13
춘천,2022-10-12,2
춘천,2022-10-13,2
춘천,2022-10-14,2
춘천,2022-10-15,6
춘천,2022-10-16,2
춘천,2022-10-17,2
춘천,2022-10-18,13
춘천,2022-10-19,13
춘천,2022-10-20,13
춘천,2022-10-21,2
춘천,2022-10-22,2
춘천,2022-10-23,2
춘천,2022-10-24,13
춘천,2022-10-25,13
춘천,2022-10-26,13
춘천,2022-10-27,2
춘천,2022-10-28,2
춘천,2022-10-29,2
춘천,2022-10-30,2
춘천,2022-10-31,2
춘천,2022-11-01,2
춘천,2022-11-02,13
춘천,2022-11-03,13
춘천,2022-11-04,13
춘천,2022-11-05,13
춘천,2022-11-06,13
춘천,2022-11-07,13
춘천,2022-11-08,13
춘천,2022-11-09,13
춘천,2022-11-10,13
춘천,2022-11-11,2
춘천,2022-11-12,2
춘천,2022-11-13,2
춘천,2022-11-14,13
춘천,2022-11-15,13
춘천,2022-11-16,13
춘천,2022-11-17,13
춘천,2022-11-18,13
춘천,2022-11-19,13
춘천,2022-11-20,13
춘천,2022-11-21,13
춘천,2022-11-22,13
춘천,2022-11-23,13
춘천,2022-11-24,13
춘천,2022-11-25,13
춘천,2022-11-26,13
춘천,2022-11-27,15
춘천,2022-11-28,13
춘천,2022-11-29,13
춘천,2022-11-30,12
춘천,2022-12-01,12
춘천,2022-12-02,9
춘천,2022-12-03,15
춘천,2022-12-04,9
춘천,2022-12-05,9
춘천,2022-12-06,9
춘천,2022-12-07,15
춘천,2022-12-08,15
춘천,2022-12-09,15
춘천,2022-12-10,15
춘천,2022-12-11,15
춘천,2022-12-12,15
춘천,2022-12-13,9
춘천,2022-12-14,12
춘천,2022-12-15,12
춘천,2022-12-16,12
춘천,2022-12-17,12
춘천,2022-12-18,12
춘천,2022-12-19,12
춘천,2022-12-20,12
춘천,2022-12-21,9
춘천,2022-12-22,12
춘천,2022-12-23,12
춘천,2022-12-24,12
춘천,2022-12-25,12
춘천,2022-12-26,12
춘천,2022-12-27,12
춘천,2022-12-28,12
춘천,2022-12-29,12
춘천,2022-12-30,9
춘천,2022-12-31,9
춘천,2023-01-01,9
춘천,2023-01-02,12
춘천,2023-01-03,12
춘천,2023-01-04,12
춘천,2023-01-05,9
춘천,2023-01-06,9
춘천,2023-01-07,15
춘천,2023-01-08,9
춘천,2023-01-09,15
춘천,2023-01-10,9
춘천,2023-01-11,9
춘천,2023-01-12,15
춘천,2023-01-13,15
춘천,2023-01-14,15
춘천,2023-01-15,9
춘천,2023-01-16,12
춘천,2023-01-17,9
춘천,2023-01-18,9
춘천,2023-01-19,9
춘천,2023-01-20,12
춘천,2023-01-21,12
춘천,2023-01-22,9
춘천,2023-01-23,9
춘천,2023-01-24,12
춘천,2023-01-25,12
춘천,2023-01-26,12
춘천,2023-01-27,12
춘천,2023-01-28,12
춘천,2023-01-29,12
춘천,2023-01-30,9
춘천,2023-01-31,9
춘천,2023-02-01,3
춘천,2023-02-02,3
춘천,2023-02-03,3
춘천,2023-02-04,3
춘천,2023-02-05,3
춘천,2023-02-06,3
춘천,2023-02-07,3
춘천,2023-02-08,3
춘천,2023-02-09,3
춘천,2023-02-10,3
춘천,2023-02-11,3
춘천,2023-02-12,3
춘천,2023-02-13,5
춘천,2023-02-14,3
춘천,2023-02-15,3
춘천,2023-02-16,3
춘천,2023-02-17,3
춘천,2023-02-18,3
춘천,2023-02-19,3
춘천,2023-02-20,3
춘천,2023-02-21,3
춘천,2023-02-22,3
춘천,2023-02-23,3
춘천,2023-02-24,3
춘천,2023-02-25,3
춘천,2023-02-26,3
춘천,2023-02-27,5
춘천,2023-02-28,3
춘천,2023-03-01,5
춘천,2023-03-02,3
춘천,2023-03-03,3
춘천,2023-03-04,5
춘천,2023-03-05,5
춘천,2023-03-06,5
춘천,2023-03-07,14
춘천,2023-03-08,14
춘천,2023-03-09,14
춘천,2023-03-10,14
춘천,2023-03-11,14
춘천,2023-03-12,5
춘천,2023-03-13,3
춘천,2023-03-14,5
춘천,2023-03-15,5
춘천,2023-03-16,5
춘천,2023-03-17,5
춘천,2023-03-18,5
춘천,2023-03-19,5
춘천,2023-03-20,14
춘천,2023-03-21,14
춘천,2023-03-22,4
춘천,2023-03-23,4
춘천,2023-03-24,14
춘천,2023-03-25,14
춘천,2023-03-26,14
춘천,2023-03-27,5
춘천,2023-03-28,5
춘천,2023-03-29,14
춘천,2023-03-30,14
춘천,2023-03-31,4
춘천,2023-04-01,4
춘천,2023-04-02,4
춘천,2023-04-03,4
춘천,2023-04-04,4
춘천,2023-04-05,14
춘천,2023-04-06,14
춘천,2023-04-07,5
춘천,2023-04-08,5
춘천,2023-04-09,14
춘천,2023-04-10,14
춘천,2023-04-11,14
춘천,2023-04-12,14
춘천,2023-04-13,14
춘천,2023-04-14,4
춘천,2023-04-15,14
춘천,2023-04-16,14
춘천,2023-04-17,14
춘천,2023-04-18,14
춘천,2023-04-19,11
춘천,2023-04-20,4
춘천,2023-04-21,4
춘천,2023-04-22,4
춘천,2023-04-23,4
춘천,2023-04-24,4
춘천,2023-04-25,14
춘천,2023-04-26,14
춘천,2023-04-27,14
춘천,2023-04-28,4
춘천,2023-04-29,4
춘천,2023-04-30,4
춘천,2023-05-01,4
춘천,2023-05-02,4
춘천,2023-05-03,4
춘천,2023-05-04,11
춘천,2023-05-05,4
춘천,2023-05-06,14
춘천,2023-05-07,14
춘천,2023-05-08,4
춘천,2023-05-09,4
춘천,2023-05-10,4
춘천,2023-05-11,11
춘천,2023-05-12,4
춘천,2023-05-13,4
춘천,2023-05-14,4
춘천,2023-05-15,11
춘천,2023-05-16,11
춘천,2023-05-17,11
춘천,2023-05-18,11
춘천,2023-05-19,11
춘천,2023-05-20,11
춘천,2023-05-21,11
춘천,2023-05-22,11
춘천,2023-05-23,11
춘천,2023-05-24,11
춘천,2023-05-25,11
춘천,2023-05-26,11
춘천,2023-05-27,11
춘천,2023-05-28,11
춘천,2023-05-29,11
춘천,2023-05-30,11
춘천,2023-05-31,11
춘천,2023-06-01,11
춘천,2023-06-02,7
춘천,2023-06-03,7
춘천,2023-06-04,7
춘천,2023-06-05,7
춘천,2023-06-06,7
춘천,2023-06-07,7
춘천,2023-06-08,7
춘천,2023-06-09,7
춘천,2023-06-10,7
춘천,2023-06-11,7
춘천,2023-06-12,7
춘천,2023-06-13,7
강릉,2022-06-15,7
강릉,2022-06-16,7
강릉,2022-06-17,0
강릉,2022-06-18,0
강릉,2022-06-19,0
강릉,2022-06-20,0
강릉,2022-06-21,0
강릉,2022-06-22,0
강릉,2022-06-23,0
강릉,2022-06-24,0
강릉,2022-06-25,0
강릉,2022-06-26,0
강릉,2022-06-27,0
강릉,2022-06-28,0
강릉,2022-06-29,0
강릉,2022-06-30,0
강릉,2022-07-01,0
강릉,2022-07-02,0
강릉,2022-07-03,0
강릉,2022-07-04,0
강릉,2022-07-05,0
강릉,2022-07-06,0
강릉,2022-07-07,0
강릉,2022-07-08,0
강릉,2022-07-09,0
강릉,2022-07-10,0
강릉,2022-07-11,7
강릉,2022-07-12,7
강릉,2022-07-13,7
강릉,2022-07-14,7
강릉,2022-07-15,7
강릉,2022-07-16,0
강릉,2022-07-17,0
강릉,2022-07-18,0
강릉,2022-07-19,0
강릉,2022-07-20,0
강릉,2022-07-21,7
강릉,2022-07-22,7
강릉,2022-07-23,7
강릉,2022-07-24,0
강릉,2022-07-25,0
강릉,2022-07-26,7
강릉,2022-07-27,0
강릉,2022-07-28,0
강릉,2022-07-29,0
강릉,2022-07-30,0
강릉,2022-07-31,0
강릉,2022-08-01,0
강릉,2022-08-02,8
강릉,2022-08-03,8
강릉,2022-08-04,8
강릉,2022-08-05,8
강릉,2022-08-06,8
강릉,2022-08-07,8
강릉,2022-08-08,8
강릉,2022-08-09,8
강릉,2022-08-10,10
강릉,2022-08-11,10
강릉,2022-08-12,8
강릉,2022-08-13,8
강릉,2022-08-14,8
강릉,2022-08-15,8
강릉,2022-08-16,8
강릉,2022-08-17,10
강릉,2022-08-18,8
강릉,2022-08-19,8
강릉,2022-08-20,10
강릉,2022-08-21,8
강릉,2022-08-22,8
강릉,2022-08-23,10
강릉,2022-08-24,10
강릉,2022-08-25,10
강릉,2022-08-26,10
강릉,2022-08-27,10
강릉,2022-08-28,10
강릉,2022-08-29,10
강릉,2022-08-30,6
강릉,2022-08-31,6
강릉,2022-09-01,10
강릉,2022-09-02,10
강릉,2022-09-03,10
강릉,2022-09-04,10
강릉,2022-09-05,10
강릉,2022-09-06,10
강릉,2022-09-07,10
강릉,2022-09-08,10
강릉,2022-09-09,10
강릉,2022-09-10,10
강릉,2022-09-11,10
강릉,2022-09-12,10
강릉,2022-09-13,10
강릉,2022-09-14,10
강릉,2022-09-15,10
강릉,2022-09-16,10
강릉,2022-09-17,10
강릉,2022-09-18,10
강릉,2022-09-19,6
강릉,2022-09-20,6
강릉,2022-09-21,6
강릉,2022-09-22,6
강릉,2022-09-23,6
강릉,2022-09-24,6
강릉,2022-09-25,6
강릉,2022-09-26,6
강릉,2022-09-27,6
강릉,2022-09-28,6
강릉,2022-09-29,10
강릉,2022-09-30,10
강릉,2022-10-01,10
강릉,2022-10-02,6
강릉,2022-10-03,6
강릉,2022-10-04,6
강릉,2022-10-05,2
강릉,2022-10-06,2
강릉,2022-10-07,2
강릉,2022-10-08,2
강릉,2022-10-09,2
강릉,2022-10-10,2
강릉,2022-10-11,2
강릉,2022-10-12,2
강릉,2022-10-13,6
강릉,2022-10-14,6
강릉,2022-10-15,6
강릉,2022-10-16,6
강릉,2022-10-17,2
강릉,2022-10-18,13
강릉,2022-10-19,2
강릉,2022-10-20,2
강릉,2022-10-21,6
강릉,2022-10-22,6
강릉,2022-10-23,2
강릉,2022-10-24,13
강릉,2022-10-25,13
강릉,2022-10-26,2
강릉,2022-10-27,2
강릉,2022-10-28,2
강릉,2022-10-29,2
강릉,2022-10-30,2
강릉,2022-10-31,2
강릉,2022-11-01,2
강릉,2022-11-02,2
강릉,2022-11-03,2
강릉,2022-11-04,13
강릉,2022-11-05,13
강릉,2022-11-06,2
강릉,2022-11-07,2
강릉,2022-11-08,2
강릉,2022-11-09,2
강릉,2022-11-10,2
강릉,2022-11-11,2
강릉,2022-11-12,6
강릉,2022-11-13,2
강릉,2022-11-14,2
강릉,2022-11-15,13
강릉,2022-11-16,2
강릉,2022-11-17,2
강릉,2022-11-18,2
강릉,2022-11-19,2
강릉,2022-11-20,2
강릉,2022-11-21,2
강릉,2022-11-22,2
강릉,2022-11-23,2
강릉,2022-11-24,13
강릉,2022-11-25,2
강릉,2022-11-26,2
강릉,2022-11-27,13
강릉,2022-11-28,13
강릉,2022-11-29,13
강릉,2022-11-30,9
강릉,2022-12-01,9
강릉,2022-12-02,9
강릉,2022-12-03,15
강릉,2022-12-04,15
강릉,2022-12-05,15
강릉,2022-12-06,15
강릉,2022-12-07,1
강릉,2022-12-08,1
강릉,2022-12-09,1
강릉,2022-12-10,15
강릉,2022-12-11,15
강릉,2022-12-12,1
강릉,2022-12-13,15
강릉,2022-12-14,12
강릉,2022-12-15,9
강릉,2022-12-16,9
강릉,2022-12-17,12
강릉,2022-12-18,12
강릉,2022-12-19,12
강릉,2022-12-20,9
강릉,2022-12-21,15
강릉,2022-12-22,12
강릉,2022-12-23,12
강릉,2022-12-24,9
강릉,2022-12-25,9
강릉,2022-12-26,9
강릉,2022-12-27,15
강릉,2022-12-28,9
강릉,2022-12-29,9
강릉,2022-12-30,15
강릉,2022-12-31,9
강릉,2023-01-01,15
강릉,2023-01-02,9
강릉,2023-01-03,9
강릉,2023-01-04,15
강릉,2023-01-05,15
강릉,2023-01-06,15
강릉,2023-01-07,15
강릉,2023-01-08,15
강릉,2023-01-09,1
강릉,2023-01-10,1
강릉,2023-01-11,1
강릉,2023-01-12,1
강릉,2023-01-13,1
강릉,2023-01-14,15
강릉,2023-01-15,15
강릉,2023-01-16,9
강릉,2023-01-17,9
강릉,2023-01-18,9
강릉,2023-01-19,9
강릉,2023-01-20,9
강릉,2023-01-21,9
강릉,2023-01-22,15
강릉,2023-01-23,15
강릉,2023-01-24,12
강릉,2023-01-25,12
강릉,2023-01-26,9
강릉,2023-01-27,12
강릉,2023-01-28,12
강릉,2023-01-29,9
강릉,2023-01-30,15
강릉,2023-01-31,15
강릉,2023-02-01,5
강릉,2023-02-02,3
강릉,2023-02-03,3
강릉,2023-02-04,3
강릉,2023-02-05,5
강릉,2023-02-06,5
강릉,2023-02-07,3
강릉,2023-02-08,3
강릉,2023-02-09,3
강릉,2023-02-10,3
강릉,2023-02-11,5
강릉,2023-02-12,5
강릉,2023-02-13,5
강릉,2023-02-14,3
강릉,2023-02-15,3
강릉,2023-02-16,5
강릉,2023-02-17,5
강릉,2023-02-18,14
강릉,2023-02-19,5
강릉,2023-02-20,3
강릉,2023-02-21,3
강릉,2023-02-22,5
강릉,2023-02-23,14
강릉,2023-02-24,5
강릉,2023-02-25,3
강릉,2023-02-26,5
강릉,2023-02-27,14
강릉,2023-02-28,14
강릉,2023-03-01,14
강릉,2023-03-02,5
강릉,2023-03-03,14
강릉,2023-03-04,14
강릉,2023-03-05,14
강릉,2023-03-06,4
강릉,2023-03-07,11
강릉,2023-03-08,4
강릉,2023-03-09,14
강릉,2023-03-10,4
강릉,2023-03-11,14
강릉,2023-03-12,14
강릉,2023-03-13,5
강릉,2023-03-14,14
강릉,2023-03-15,4
강릉,2023-03-16,5
강릉,2023-03-17,5
강릉,2023-03-18,14
강릉,2023-03-19,14
강릉,2023-03-20,4
강릉,2023-03-21,4
강릉,2023-03-22,4
강릉,2023-03-23,14
강릉,2023-03-24,14
강릉,2023-03-25,14
강릉,2023-03-26,5
강릉,2023-03-27,14
강릉,2023-03-28,14
강릉,2023-03-29,4
강릉,2023-03-30,11
강릉,2023-03-31,4
강릉,2023-04-01,4
강릉,2023-04-02,4
강릉,2023-04-03,4
강릉,2023-04-04,4
강릉,2023-04-05,4
강릉,2023-04-06,4
강릉,2023-04-07,4
강릉,2023-04-08,14
강릉,2023-04-09,4
강릉,2023-04-10,11
강릉,2023-04-11,11
강릉,2023-04-12,4
강릉,2023-04-13,4
강릉,2023-04-14,4
강릉,2023-04-15,14
강릉,2023-04-16,14
강릉,2023-04-17,4
강릉,2023-04-18,4
강릉,2023-04-19,4
강릉,2023-04-20,11
강릉,2023-04-21,4
강릉,2023-04-22,14
강릉,2023-04-23,4
강릉,2023-04-24,4
강릉,2023-04-25,14
강릉,2023-04-26,14
강릉,2023-04-27,4
강릉,2023-04-28,11
강릉,2023-04-29,4
강릉,2023-04-30,4
강릉,2023-05-01,4
강릉,2023-05-02,11
강릉,2023-05-03,11
강릉,2023-05-04,11
강릉,2023-05-05,4
강릉,2023-05-06,14
강릉,2023-05-07,14
강릉,2023-05-08,4
강릉,2023-05-09,11
강릉,2023-05-10,11
강릉,2023-05-11,11
강릉,2023-05-12,11
강릉,2023-05-13,11
강릉,2023-05-14,11
강릉,2023-05-15,11
강릉,2023-05-16,0
강릉,2023-05-17,0
강릉,2023-05-18,11
강릉,2023-05-19,4
강릉,2023-05-20,11
강릉,2023-05-21,11
강릉,2023-05-22,11
강릉,2023-05-23,11
강릉,2023-05-24,11
강릉,2023-05-25,11
강릉,2023-05-26,11
강릉,2023-05-27,11
강릉,2023-05-28,11
강릉,2023-05-29,11
강릉,2023-05-30,11
강릉,2023-05-31,11
강릉,2023-06-01,7
강릉,2023-06-02,7
강릉,2023-06-03,7
강릉,2023-06-04,0
강릉,2023-06-05,0
강릉,2023-06-06,0
강릉,2023-06-07,0
강릉,2023-06-08,0
강릉,2023-06-09,7
강릉,2023-06-10,7
강릉,2023-06-11,7
강릉,2023-06-12,7
강릉,2023-06-13,7
서울,2022-06-15,7
서울,2022-06-16,7
서울,2022-06-17,7
서울,2022-06-18,7
서울,2022-06-19,7
서울,2022-06-20,0
서울,2022-06-21,0
서울,2022-06-22,0
서울,2022-06-23,7
서울,2022-06-24,7
서울,2022-06-25,0
서울,2022-06-26,0
서울,2022-06-27,0
서울,2022-06-28,0
서울,2022-06-29,7
서울,2022-06-30,7
서울,2022-07-01,0
서울,2022-07-02,0
서울,2022-07-03,0
서울,2022-07-04,0
서울,2022-07-05,0
서울,2022-07-06,0
서울,2022-07-07,0
서울,2022-07-08,0
서울,2022-07-09,0
서울,2022-07-10,0
서울,2022-07-11,0
서울,2022-07-12,0
서울,2022-07-13,7
서울,2022-07-14,0
서울,2022-07-15,0
서울,2022-07-16,7
서울,2022-07-17,0
서울,2022-07-18,0
서울,2022-07-19,0
서울,2022-07-20,0
서울,2022-07-21,7
서울,2022-07-22,0
서울,2022-07-23,7
서울,2022-07-24,0
서울,2022-07-25,0
서울,2022-07-26,0
서울,2022-07-27,0
서울,2022-07-28,0
서울,2022-07-29,0
서울,2022-07-30,0
서울,2022-07-31,0
서울,2022-08-01,0
서울,2022-08-02,8
서울,2022-08-03,8
서울,2022-08-04,8
서울,2022-08-05,8
서울,2022-08-06,8
서울,2022-08-07,8
서울,2022-08-09,10
서울,2022-08-10,10
서울,2022-08-11,10
서울,2022-08-12,8
서울,2022-08-13,8
서울,2022-08-14,8
서울,2022-08-15,8
서울,2022-08-16,8
서울,2022-08-17,8
서울,2022-08-18,8
서울,2022-08-19,8
서울,2022-08-20,8
서울,2022-08-21,8
서울,2022-08-22,8
서울,2022-08-23,10
서울,2022-08-24,10
서울,2022-08-25,10
서울,2022-08-26,10
서울,2022-08-27,10
서울,2022-08-28,10
서울,2022-08-29,10
서울,2022-08-30,6
서울,2022-08-31,10
서울,2022-09-01,10
서울,2022-09-02,10
서울,2022-09-03,10
서울,2022-09-04,10
서울,2022-09-05,6
서울,2022-09-06,6
서울,2022-09-07,10
서울,2022-09-08,10
서울,2022-09-09,10
서울,2022-09-10,10
서울,2022-09-11,10
서울,2022-09-12,10
서울,2022-09-13,10
서울,2022-09-14,10
서울,2022-09-15,10
서울,2022-09-16,10
서울,2022-09-17,10
서울,2022-09-18,8
서울,2022-09-19,10
서울,2022-09-20,6
서울,2022-09-21,6
서울,2022-09-22,6
서울,2022-09-23,6
서울,2022-09-24,6
서울,2022-09-25,6
서울,2022-09-26,6
서울,2022-09-27,6
서울,2022-09-28,6
서울,2022-09-29,6
서울,2022-09-30,6
서울,2022-10-01,6
서울,2022-10-02,6
서울,2022-10-03,10
서울,2022-10-04,6
서울,2022-10-05,6
서울,2022-10-06,2
서울,2022-10-07,2
서울,2022-10-08,2
서울,2022-10-09,2
서울,2022-10-10,13
서울,2022-10-11,13
서울,2022-10-12,2
서울,2022-10-13,6
서울,2022-10-14,6
서울,2022-10-15,6
서울,2022-10-16,6
서울,2022-10-17,13
서울,2022-10-18,13
서울,2022-10-19,13
서울,2022-10-20,2
서울,2022-10-21,2
서울,2022-10-22,2
서울,2022-10-23,2
서울,2022-10-24,13
서울,2022-10-25,2
서울,2022-10-26,2
서울,2022-10-27,2
서울,2022-10-28,2
서울,2022-10-29,2
서울,2022-10-30,2
서울,2022-10-31,2
서울,2022-11-01,2
서울,2022-11-02,13
서울,2022-11-03,13
서울,2022-11-04,13
서울,2022-11-05,13
서울,2022-11-06,13
서울,2022-11-07,2
서울,2022-11-08,2
서울,2022-11-09,2
서울,2022-11-10,2
서울,2022-11-11,2
서울,2022-11-12,2
서울,2022-11-13,13
서울,2022-11-14,13
서울,2022-11-15,13
서울,2022-11-16,13
서울,2022-11-17,13
서울,2022-11-18,13
서울,2022-11-19,2
서울,2022-11-20,2
서울,2022-11-21,2
서울,2022-11-22,13
서울,2022-11-23,13
서울,2022-11-24,13
서울,2022-11-25,2
서울,2022-11-26,13
서울,2022-11-27,13
서울,2022-11-28,2
서울,2022-11-29,13
서울,2022-11-30,12
서울,2022-12-01,12
서울,2022-12-02,9
서울,2022-12-03,15
서울,2022-12-04,12
서울,2022-12-05,9
서울,2022-12-06,9
서울,2022-12-07,15
서울,2022-12-08,15
서울,2022-12-09,15
서울,2022-12-10,15
서울,2022-12-11,15
서울,2022-12-12,15
서울,2022-12-13,9
서울,2022-12-14,12
서울,2022-12-15,12
서울,2022-12-16,12
서울,2022-12-17,12
서울,2022-12-18,12
서울,2022-12-19,12
서울,2022-12-20,9
서울,2022-12-21,9
서울,2022-12-22,12
서울,2022-12-23,12
서울,2022-12-24,12
서울,2022-12-25,12
서울,2022-12-26,9
서울,2022-12-27,9
서울,2022-12-28,12
서울,2022-12-29,9
서울,2022-12-30,9
서울,2022-12-31,9
서울,2023-01-01,9
서울,2023-01-02,12
서울,2023-01-03,12
서울,2023-01-04,9
서울,2023-01-05,9
서울,2023-01-06,9
서울,2023-01-07,15
서울,2023-01-08,15
서울,2023-01-09,15
서울,2023-01-10,15
서울,2023-01-11,15
서울,2023-01-12,15
서울,2023-01-13,1
서울,2023-01-14,1
서울,2023-01-15,9
서울,2023-01-16,12
서울,2023-01-17,9
서울,2023-01-18,9
서울,2023-01-19,9
서울,2023-01-20,12
서울,2023-01-21,12
서울,2023-01-22,9
서울,2023-01-23,9
서울,2023-01-24,12
서울,2023-01-25,12
서울,2023-01-26,12
서울,2023-01-27,12
서울,2023-01-28,12
서울,2023-01-29,9
서울,2023-01-30,9
서울,2023-01-31,15
서울,2023-02-01,3
서울,2023-02-02,3
서울,2023-02-03,3
서울,2023-02-04,3
서울,2023-02-05,3
서울,2023-02-06,3
서울,2023-02-07,5
서울,2023-02-08,3
서울,2023-02-09,3
서울,2023-02-10,3
서울,2023-02-11,3
서울,2023-02-12,5
서울,2023-02-13,5
서울,2023-02-14,3
서울,2023-02-15,3
서울,2023-02-16,3
서울,2023-02-17,3
서울,2023-02-18,5
서울,2023-02-19,3
서울,2023-02-20,3
서울,2023-02-21,3
서울,2023-02-22,3
서울,2023-02-23,3
서울,2023-02-24,3
서울,2023-02-25,3
서울,2023-02-26,3
서울,2023-02-27,5
서울,2023-02-28,5
서울,2023-03-01,5
서울,2023-03-02,3
서울,2023-03-03,5
서울,2023-03-04,5
서울,2023-03-05,5
서울,2023-03-06,14
서울,2023-03-07,14
서울,2023-03-08,14
서울,2023-03-09,14
서울,2023-03-10,4
서울,2023-03-11,4
서울,2023-03-12,5
서울,2023-03-13,3
서울,2023-03-14,14
서울,2023-03-15,5
서울,2023-03-16,5
서울,2023-03-17,5
서울,2023-03-18,5
서울,2023-03-19,5
서울,2023-03-20,14
서울,2023-03-21,4
서울,2023-03-22,4
서울,2023-03-23,4
서울,2023-03-24,14
서울,2023-03-25,14
서울,2023-03-26,14
서울,2023-03-27,5
서울,2023-03-28,14
서울,2023-03-29,14
서울,2023-03-30,4
서울,2023-03-31,4
서울,2023-04-01,4
서울,2023-04-02,11
서울,2023-04-03,11
서울,2023-04-04,4
서울,2023-04-05,14
서울,2023-04-06,5
서울,2023-04-07,5
서울,2023-04-08,5
서울,2023-04-09,14
서울,2023-04-10,14
서울,2023-04-11,14
서울,2023-04-12,14
서울,2023-04-13,14
서울,2023-04-14,4
서울,2023-04-15,4
서울,2023-04-16,14
서울,2023-04-17,14
서울,2023-04-18,4
서울,2023-04-19,11
서울,2023-04-20,4
서울,2023-04-21,4
서울,2023-04-22,4
서울,2023-04-23,4
서울,2023-04-24,4
서울,2023-04-25,14
서울,2023-04-26,14
서울,2023-04-27,14
서울,2023-04-28,4
서울,2023-04-29,14
서울,2023-04-30,14
서울,2023-05-01,4
서울,2023-05-02,4
서울,2023-05-03,11
서울,2023-05-04,11
서울,2023-05-05,11
서울,2023-05-06,14
서울,2023-05-07,4
서울,2023-05-08,4
서울,2023-05-09,4
서울,2023-05-10,11
서울,2023-05-11,11
서울,2023-05-12,11
서울,2023-05-13,11
서울,2023-05-14,11
서울,2023-05-15,11
서울,2023-05-16,11
서울,2023-05-17,11
서울,2023-05-18,11
서울,2023-05-19,11
서울,2023-05-20,11
서울,2023-05-21,4
서울,2023-05-22,11
서울,2023-05-23,11
서울,2023-05-24,11
서울,2023-05-25,11
서울,2023-05-26,11
서울,2023-05-27,11
서울,2023-05-28,11
서울,2023-05-29,11
서울,2023-05-30,7
서울,2023-05-31,11
서울,2023-06-01,11
서울,2023-06-02,7
서울,2023-06-03,7
서울,2023-06-04,7
서울,2023-06-05,7
서울,2023-06-06,7
서울,2023-06-07,7
서울,2023-06-08,7
서울,2023-06-09,7
서울,2023-06-10,7
서울,2023-06-11,7
서울,2023-06-12,7
서울,2023-06-13,7
수원,2022-06-15,7
수원,2022-06-16,7
수원,2022-06-17,7
수원,2022-06-18,7
수원,2022-06-19,7
수원,2022-06-20,7
수원,2022-06-21,7
수원,2022-06-22,7
수원,2022-06-23,7
수원,2022-06-24,7
수원,2022-06-25,0
수원,2022-06-26,0
수원,2022-06-27,0
수원,2022-06-28,0
수원,2022-06-29,0
수원,2022-06-30,7
수원,2022-07-01,0
수원,2022-07-02,0
수원,2022-07-03,0
수원,2022-07-04,0
수원,2022-07-05,0
수원,2022-07-06,0
수원,2022-07-07,0
수원,2022-07-08,0
수원,2022-07-09,0
수원,2022-07-10,0
수원,2022-07-11,0
수원,2022-07-12,0
수원,2022-07-13,7
수원,2022-07-14,7
수원,2022-07-15,0
수원,2022-07-16,0
수원,2022-07-17,0
수원,2022-07-18,0
수원,2022-07-19,0
수원,2022-07-20,0
수원,2022-07-21,7
수원,2022-07-22,0
수원,2022-07-23,7
수원,2022-07-24,0
수원,2022-07-25,0
수원,2022-07-26,0
수원,2022-07-27,0
수원,2022-07-28,0
수원,2022-07-29,0
수원,2022-07-30,0
수원,2022-07-31,0
수원,2022-08-01,0
수원,2022-08-02,8
수원,2022-08-03,8
수원,2022-08-04,8
수원,2022-08-05,8
수원,2022-08-06,8
수원,2022-08-07,8
수원,2022-08-08,8
수원,2022-08-09,8
수원,2022-08-10,10
수원,2022-08-11,10
수원,2022-08-12,8
수원,2022-08-13,10
수원,2022-08-14,8
수원,2022-08-15,8
수원,2022-08-16,8
수원,2022-08-17,10
수원,2022-08-18,10
수원,2022-08-19,8
수원,2022-08-20,8
수원,2022-08-21,8
수원,2022-08-22,8
수원,2022-08-23,10
수원,2022-08-24,10
수원,2022-08-25,10
수원,2022-08-26,10
수원,2022-08-27,10
수원,2022-08-28,10
수원,2022-08-29,10
수원,2022-08-30,6
수원,2022-08-31,10
수원,2022-09-01,10
수원,2022-09-02,10
수원,2022-09-03,10
수원,2022-09-04,10
수원,2022-09-05,6
수원,2022-09-06,6
수원,2022-09-07,10
수원,2022-09-08,10
수원,2022-09-09,10
수원,2022-09-10,10
수원,2022-09-11,10
수원,2022-09-12,10
수원,2022-09-13,10
수원,2022-09-14,10
수원,2022-09-15,10
수원,2022-09-16,10
수원,2022-09-17,10
수원,2022-09-18,8
수원,2022-09-19,10
수원,2022-09-20,6
수원,2022-09-21,6
수원,2022-09-22,6
수원,2022-09-23,6
수원,2022-09-24,6
수원,2022-09-25,6
수원,2022-09-26,6
수원,2022-09-27,6
수원,2022-09-28,6
수원,2022-09-29,6
수원,2022-09-30,6
수원,2022-10-01,6
수원,2022-10-02,6
수원,2022-10-03,10
수원,2022-10-04,6
수원,2022-10-05,6
수원,2022-10-06,6
수원,2022-10-07,2
수원,2022-10-08,2
수원,2022-10-09,2
수원,2022-10-10,13
수원,2022-10-11,13
수원,2022-10-12,2
수원,2022-10-13,2
수원,2022-10-14,6
수원,2022-10-15,6
수원,2022-10-16,6
수원,2022-10-17,13
수원,2022-10-18,13
수원,2022-10-19,13
수원,2022-10-20,2
수원,2022-10-21,2
수원,2022-10-22,2
수원,2022-10-23,2
수원,2022-10-24,13
수원,2022-10-25,2
수원,2022-10-26,2
수원,2022-10-27,2
수원,2022-10-28,2
수원,2022-10-29,2
수원,2022-10-30,2
수원,2022-10-31,2
수원,2022-11-01,2
수원,2022-11-02,13
수원,2022-11-03,13
수원,2022-11-04,13
수원,2022-11-05,13
수원,2022-11-06,13
수원,2022-11-07,13
수원,2022-11-08,2
수원,2022-11-09,13
수원,2022-11-10,2
수원,2022-11-11,2
수원,2022-11-12,2
수원,2022-11-13,13
수원,2022-11-14,13
수원,2022-11-15,13
수원,2022-11-16,13
수원,2022-11-17,13
수원,2022-11-18,13
수원,2022-11-19,2
수원,2022-11-20,2
수원,2022-11-21,2
수원,2022-11-22,13
수원,2022-11-23,13
수원,2022-11-24,13
수원,2022-11-25,13
수원,2022-11-26,13
수원,2022-11-27,13
수원,2022-11-28,2
수원,2022-11-29,13
수원,2022-11-30,12
수원,2022-12-01,12
수원,2022-12-02,9
수원,2022-12-03,15
수원,2022-12-04,12
수원,2022-12-05,12
수원,2022-12-06,9
수원,2022-12-07,15
수원,2022-12-08,15
수원,2022-12-09,15
수원,2022-12-10,15
수원,2022-12-11,9
수원,2022-12-12,15
수원,2022-12-13,9
수원,2022-12-14,12
수원,2022-12-15,12
수원,2022-12-16,12
수원,2022-12-17,12
수원,2022-12-18,12
수원,2022-12-19,12
수원,2022-12-20,12
수원,2022-12-21,9
수원,2022-12-22,12
수원,2022-12-23,12
수원,2022-12-24,12
수원,2022-12-25,12
수원,2022-12-26,12
수원,2022-12-27,9
수원,2022-12-28,12
수원,2022-12-29,9
수원,2022-12-30,9
수원,2022-12-31,9
수원,2023-01-01,9
수원,2023-01-02,12
수원,2023-01-03,12
수원,2023-01-04,9
수원,2023-01-05,9
수원,2023-01-06,9
수원,2023-01-07,9
수원,2023-01-08,15
수원,2023-01-09,15
수원,2023-01-10,9
수원,2023-01-11,15
수원,2023-01-12,15
수원,2023-01-13,1
수원,2023-01-14,1
수원,2023-01-15,9
수원,2023-01-16,12
수원,2023-01-17,9
수원,2023-01-18,9
수원,2023-01-19,9
수원,2023-01-20,12
수원,2023-01-21,9
수원,2023-01-22,9
수원,2023-01-23,9
수원,2023-01-24,12
수원,2023-01-25,12
수원,2023-01-26,12
수원,2023-01-27,12
수원,2023-01-28,12
수원,2023-01-29,9
수원,2023-01-30,9
수원,2023-01-31,15
수원,2023-02-01,3
수원,2023-02-02,3
수원,2023-02-03,3
수원,2023-02-04,3
수원,2023-02-05,3
수원,2023-02-06,3
수원,2023-02-07,3
수원,2023-02-08,3
수원,2023-02-09,3
수원,2023-02-10,3
수원,2023-02-11,3
수원,2023-02-12,3
수원,2023-02-13,5
수원,2023-02-14,3
수원,2023-02-15,3
수원,2023-02-16,3
수원,2023-02-17,5
수원,2023-02-18,5
수원,2023-02-19,3
수원,2023-02-20,3
수원,2023-02-21,3
수원,2023-02-22,3
수원,2023-02-23,3
수원,2023-02-24,3
수원,2023-02-25,3
수원,2023-02-26,3
수원,2023-02-27,3
수원,2023-02-28,5
수원,2023-03-01,5
수원,2023-03-02,3
수원,2023-03-03,5
수원,2023-03-04,5
수원,2023-03-05,5
수원,2023-03-06,5
수원,2023-03-07,14
수원,2023-03-08,14
수원,2023-03-09,14
수원,2023-03-10,14
수원,2023-03-11,4
수원,2023-03-12,5
수원,2023-03-13,3
수원,2023-03-14,5
수원,2023-03-15,5
수원,2023-03-16,5
수원,2023-03-17,5
수원,2023-03-18,5
수원,2023-03-19,5
수원,2023-03-20,5
수원,2023-03-21,14
수원,2023-03-22,4
수원,2023-03-23,4
수원,2023-03-24,14
수원,2023-03-25,14
수원,2023-03-26,5
수원,2023-03-27,5
수원,2023-03-28,5
수원,2023-03-29,14
수원,2023-03-30,14
수원,2023-03-31,14
수원,2023-04-01,4
수원,2023-04-02,4
수원,2023-04-03,4
수원,2023-04-04,4
수원,2023-04-05,14
수원,2023-04-06,5
수원,2023-04-07,5
수원,2023-04-08,5
수원,2023-04-09,14
수원,2023-04-10,14
수원,2023-04-11,14
수원,2023-04-12,14
수원,2023-04-13,14
수원,2023-04-14,4
수원,2023-04-15,14
수원,2023-04-16,14
수원,2023-04-17,4
수원,2023-04-18,4
수원,2023-04-19,11
수원,2023-04-20,4
수원,2023-04-21,4
수원,2023-04-22,4
수원,2023-04-23,4
수원,2023-04-24,4
수원,2023-04-25,14
수원,2023-04-26,5
수원,2023-04-27,14
수원,2023-04-28,4
수원,2023-04-29,14
수원,2023-04-30,14
수원,2023-05-01,4
수원,2023-05-02,4
수원,2023-05-03,11
수원,2023-05-04,11
수원,2023-05-05,11
수원,2023-05-06,14
수원,2023-05-07,14
수원,2023-05-08,4
수원,2023-05-09,4
수원,2023-05-10,4
수원,2023-05-11,4
수원,2023-05-12,4
수원,2023-05-13,4
수원,2023-05-14,4
수원,2023-05-15,11
수원,2023-05-16,11
수원,2023-05-17,11
수원,2023-05-18,11
수원,2023-05-19,11
수원,2023-05-20,11
수원,2023-05-21,4
수원,2023-05-22,11
수원,2023-05-23,11
수원,2023-05-24,11
수원,2023-05-25,11
수원,2023-05-26,11
수원,2023-05-27,11
수원,2023-05-28,11
수원,2023-05-29,11
수원,2023-05-30,11
수원,2023-05-31,11
수원,2023-06-01,11
수원,2023-06-02,7
수원,2023-06-03,7
수원,2023-06-04,7
수원,2023-06-05,7
수원,2023-06-06,7
수원,2023-06-07,7
수원,2023-06-08,7
수원,2023-06-09,7
수원,2023-06-10,7
수원,2023-06-11,7
수원,2023-06-12,7
수원,2023-06-13,7
청주,2022-06-15,7
청주,2022-06-16,7
청주,2022-06-17,7
청주,2022-06-18,0
청주,2022-06-19,0
청주,2022-06-20,0
청주,2022-06-21,0
청주,2022-06-22,0
청주,2022-06-23,0
청주,2022-06-24,0
청주,2022-06-25,0
청주,2022-06-26,0
청주,2022-06-27,0
청주,2022-06-28,0
청주,2022-06-29,0
청주,2022-06-30,0
청주,2022-07-01,0
청주,2022-07-02,0
청주,2022-07-03,0
청주,2022-07-04,0
청주,2022-07-05,0
청주,2022-07-06,0
청주,2022-07-07,0
청주,2022-07-08,0
청주,2022-07-09,0
청주,2022-07-10,0
청주,2022-07-11,0
청주,2022-07-12,0
청주,2022-07-13,0
청주,2022-07-14,0
청주,2022-07-15,0
청주,2022-07-16,0
청주,2022-07-17,0
청주,2022-07-18,7
청주,2022-07-19,0
청주,2022-07-20,0
청주,2022-07-21,7
청주,2022-07-22,0
청주,2022-07-23,0
청주,2022-07-24,0
청주,2022-07-25,0
청주,2022-07-26,0
청주,2022-07-27,0
청주,2022-07-28,0
청주,2022-07-29,0
청주,2022-07-30,0
청주,2022-07-31,0
청주,2022-08-01,0
청주,2022-08-02,8
청주,2022-08-03,8
청주,2022-08-04,8
청주,2022-08-05,8
청주,2022-08-06,8
청주,2022-08-07,8
청주,2022-08-08,8
청주,2022-08-09,8
청주,2022-08-10,10
청주,2022-08-11,10
청주,2022-08-12,8
청주,2022-08-13,8
청주,2022-08-14,8
청주,2022-08-15,8
청주,2022-08-16,8
청주,2022-08-17,8
청주,2022-08-18,8
청주,2022-08-19,8
청주,2022-08-20,8
청주,2022-08-21,8
청주,2022-08-22,8
청주,2022-08-23,10
청주,2022-08-24,10
청주,2022-08-25,10
청주,2022-08-26,10
청주,2022-08-27,10
청주,2022-08-28,10
청주,2022-08-29,10
청주,2022-08-30,6
청주,2022-08-31,10
청주,2022-09-01,10
청주,2022-09-02,10
청주,2022-09-03,10
청주,2022-09-04,10
청주,2022-09-05,10
청주,2022-09-06,10
청주,2022-09-07,10
청주,2022-09-08,10
청주,2022-09-09,10
청주,2022-09-10,10
청주,2022-09-11,10
청주,2022-09-12,10
청주,2022-09-13,10
청주,2022-09-14,10
청주,2022-09-15,8
청주,2022-09-16,8
청주,2022-09-17,8
청주,2022-09-18,8
청주,2022-09-19,10
청주,2022-09-20,6
청주,2022-09-21,6
청주,2022-09-22,6
청주,2022-09-23,6
청주,2022-09-24,6
청주,2022-09-25,6
청주,2022-09-26,6
청주,2022-09-27,6
청주,2022-09-28,6
청주,2022-09-29,6
청주,2022-09-30,6
청주,2022-10-01,6
청주,2022-10-02,10
청주,2022-10-03,10
청주,2022-10-04,6
청주,2022-10-05,6
청주,2022-10-06,6
청주,2022-10-07,6
청주,2022-10-08,6
청주,2022-10-09,2
청주,2022-10-10,13
청주,2022-10-11,2
청주,2022-10-12,2
청주,2022-10-13,6
청주,2022-10-14,6
청주,2022-10-15,6
청주,2022-10-16,6
청주,2022-10-17,2
청주,2022-10-18,13
청주,2022-10-19,2
청주,2022-10-20,2
청주,2022-10-21,2
청주,2022-10-22,2
청주,2022-10-23,2
청주,2022-10-24,2
청주,2022-10-25,2
청주,2022-10-26,2
청주,2022-10-27,2
청주,2022-10-28,2
청주,2022-10-29,2
청주,2022-10-30,2
청주,2022-10-31,2
청주,2022-11-01,2
청주,2022-11-02,2
청주,2022-11-03,13
청주,2022-11-04,13
청주,2022-11-05,13
청주,2022-11-06,13
청주,2022-11-07,2
청주,2022-11-08,2
청주,2022-11-09,2
청주,2022-11-10,2
청주,2022-11-11,2
청주,2022-11-12,6
청주,2022-11-13,2
청주,2022-11-14,13
청주,2022-11-15,13
청주,2022-11-16,13
청주,2022-11-17,13
청주,2022-11-18,13
청주,2022-11-19,2
청주,2022-11-20,2
청주,2022-11-21,2
청주,2022-11-22,2
청주,2022-11-23,2
청주,2022-11-24,13
청주,2022-11-25,2
청주,2022-11-26,13
청주,2022-11-27,13
청주,2022-11-28,13
청주,2022-11-29,13
청주,2022-11-30,9
청주,2022-12-01,9
청주,2022-12-02,9
청주,2022-12-03,15
청주,2022-12-04,9
청주,2022-12-05,9
청주,2022-12-06,15
청주,2022-12-07,1
청주,2022-12-08,1
청주,2022-12-09,1
청주,2022-12-10,15
청주,2022-12-11,15
청주,2022-12-12,15
청주,2022-12-13,15
청주,2022-12-14,12
청주,2022-12-15,9
청주,2022-12-16,9
청주,2022-12-17,12
청주,2022-12-18,12
청주,2022-12-19,12
청주,2022-12-20,9
청주,2022-12-21,15
청주,2022-12-22,12
청주,2022-12-23,12
청주,2022-12-24,12
청주,2022-12-25,9
청주,2022-12-26,9
청주,2022-12-27,9
청주,2022-12-28,9
청주,2022-12-29,9
청주,2022-12-30,9
청주,2022-12-31,9
청주,2023-01-01,9
청주,2023-01-02,9
청주,2023-01-03,9
청주,2023-01-04,9
청주,2023-01-05,15
청주,2023-01-06,15
청주,2023-01-07,15
청주,2023-01-08,15
청주,2023-01-09,15
청주,2023-01-10,15
청주,2023-01-11,15
청주,2023-01-12,1
청주,2023-01-13,1
청주,2023-01-14,1
청주,2023-01-15,9
청주,2023-01-16,9
청주,2023-01-17,9
청주,2023-01-18,9
청주,2023-01-19,15
청주,2023-01-20,9
청주,2023-01-21,9
청주,2023-01-22,9
청주,2023-01-23,9
청주,2023-01-24,12
청주,2023-01-25,12
청주,2023-01-26,12
청주,2023-01-27,12
청주,2023-01-28,12
청주,2023-01-29,9
청주,2023-01-30,9
청주,2023-01-31,15
청주,2023-02-01,3
청주,2023-02-02,3
청주,2023-02-03,3
청주,2023-02-04,3
청주,2023-02-05,3
청주,2023-02-06,5
청주,2023-02-07,5
청주,2023-02-08,3
청주,2023-02-09,5
청주,2023-02-10,5
청주,2023-02-11,3
청주,2023-02-12,3
청주,2023-02-13,5
청주,2023-02-14,3
청주,2023-02-15,3
청주,2023-02-16,5
청주,2023-02-17,5
청주,2023-02-18,5
청주,2023-02-19,3
청주,2023-02-20,3
청주,2023-02-21,3
청주,2023-02-22,3
청주,2023-02-23,5
청주,2023-02-24,5
청주,2023-02-25,3
청주,2023-02-26,3
청주,2023-02-27,5
청주,2023-02-28,5
청주,2023-03-01,5
청주,2023-03-02,3
청주,2023-03-03,5
청주,2023-03-04,14
청주,2023-03-05,14
청주,2023-03-06,14
청주,2023-03-07,14
청주,2023-03-08,4
청주,2023-03-09,4
청주,2023-03-10,4
청주,2023-03-11,4
청주,2023-03-12,5
청주,2023-03-13,5
청주,2023-03-14,14
청주,2023-03-15,14
청주,2023-03-16,5
청주,2023-03-17,14
청주,2023-03-18,14
청주,2023-03-19,14
청주,2023-03-20,14
청주,2023-03-21,4
청주,2023-03-22,11
청주,2023-03-23,4
청주,2023-03-24,4
청주,2023-03-25,14
청주,2023-03-26,14
청주,2023-03-27,14
청주,2023-03-28,14
청주,2023-03-29,4
청주,2023-03-30,4
청주,2023-03-31,4
청주,2023-04-01,11
청주,2023-04-02,4
청주,2023-04-03,4
청주,2023-04-04,4
청주,2023-04-05,4
청주,2023-04-06,14
청주,2023-04-07,14
청주,2023-04-08,14
청주,2023-04-09,14
청주,2023-04-10,4
청주,2023-04-11,4
청주,2023-04-12,14
청주,2023-04-13,4
청주,2023-04-14,4
청주,2023-04-15,4
청주,2023-04-16,14
청주,2023-04-17,4
청주,2023-04-18,4
청주,2023-04-19,11
청주,2023-04-20,11
청주,2023-04-21,11
청주,2023-04-22,4
청주,2023-04-23,4
청주,2023-04-24,4
청주,2023-04-25,14
청주,2023-04-26,14
청주,2023-04-27,4
청주,2023-04-28,4
청주,2023-04-29,4
청주,2023-04-30,4
청주,2023-05-01,4
청주,2023-05-02,11
청주,2023-05-03,11
청주,2023-05-04,11
청주,2023-05-05,11
청주,2023-05-06,4
청주,2023-05-07,14
청주,2023-05-08,4
청주,2023-05-09,11
청주,2023-05-10,11
청주,2023-05-11,11
청주,2023-05-12,11
청주,2023-05-13,11
청주,2023-05-14,11
청주,2023-05-15,11
청주,2023-05-16,11
청주,2023-05-17,11
청주,2023-05-18,11
청주,2023-05-19,11
청주,2023-05-20,11
청주,2023-05-21,11
청주,2023-05-22,11
청주,2023-05-23,11
청주,2023-05-24,11
청주,2023-05-25,11
청주,2023-05-26,11
청주,2023-05-27,11
청주,2023-05-28,11
청주,2023-05-29,11
청주,2023-05-30,11
청주,2023-05-31,11
청주,2023-06-01,7
청주,2023-06-02,7
청주,2023-06-03,7
청주,2023-06-04,7
청주,2023-06-05,7
청주,2023-06-06,7
청주,2023-06-07,7
청주,2023-06-08,7
청주,2023-06-09,0
청주,2023-06-10,7
청주,2023-06-11,7
청주,2023-06-12,7
청주,2023-06-13,7
대전,2022-06-15,7
대전,2022-06-16,7
대전,2022-06-17,7
대전,2022-06-18,0
대전,2022-06-19,0
대전,2022-06-20,0
대전,2022-06-21,0
대전,2022-06-22,0
대전,2022-06-23,0
대전,2022-06-24,7
대전,2022-06-25,0
대전,2022-06-26,0
대전,2022-06-27,0
대전,2022-06-28,0
대전,2022-06-29,0
대전,2022-06-30,0
대전,2022-07-01,0
대전,2022-07-02,0
대전,2022-07-03,0
대전,2022-07-04,0
대전,2022-07-05,0
대전,2022-07-06,0
대전,2022-07-07,0
대전,2022-07-08,0
대전,2022-07-09,0
대전,2022-07-10,0
대전,2022-07-11,0
대전,2022-07-12,0
대전,2022-07-13,7
대전,2022-07-14,0
대전,2022-07-15,0
대전,2022-07-16,0
대전,2022-07-17,0
대전,2022-07-18,7
대전,2022-07-19,0
대전,2022-07-20,0
대전,2022-07-21,7
대전,2022-07-22,0
대전,2022-07-23,7
대전,2022-07-24,7
대전,2022-07-25,0
대전,2022-07-26,0
대전,2022-07-27,0
대전,2022-07-28,0
대전,2022-07-29,0
대전,2022-07-30,0
대전,2022-07-31,0
대전,2022-08-01,0
대전,2022-08-02,8
대전,2022-08-03,8
대전,2022-08-04,8
대전,2022-08-05,8
대전,2022-08-06,8
대전,2022-08-07,8
대전,2022-08-08,8
대전,2022-08-09,8
대전,2022-08-10,10
대전,2022-08-11,10
대전,2022-08-12,8
대전,2022-08-13,8
대전,2022-08-14,8
대전,2022-08-15,8
대전,2022-08-16,8
대전,2022-08-17,8
대전,2022-08-18,10
대전,2022-08-19,8
대전,2022-08-20,8
대전,2022-08-21,8
대전,2022-08-22,8
대전,2022-08-23,10
대전,2022-08-24,10
대전,2022-08-25,10
대전,2022-08-26,10
대전,2022-08-27,10
대전,2022-08-28,10
대전,2022-08-29,6
대전,2022-08-30,6
대전,2022-08-31,10
대전,2022-09-01,10
대전,2022-09-02,10
대전,2022-09-03,10
대전,2022-09-04,10
대전,2022-09-05,10
대전,2022-09-06,6
대전,2022-09-07,6
대전,2022-09-08,10
대전,2022-09-09,10
대전,2022-09-10,10
대전,2022-09-11,10
대전,2022-09-12,10
대전,2022-09-13,10
대전,2022-09-14,10
대전,2022-09-15,10
대전,2022-09-16,10
대전,2022-09-17,8
대전,2022-09-18,8
대전,2022-09-19,10
대전,2022-09-20,6
대전,2022-09-21,6
대전,2022-09-22,6
대전,2022-09-23,6
대전,2022-09-24,6
대전,2022-09-25,6
대전,2022-09-26,6
대전,2022-09-27,6
대전,2022-09-28,6
대전,2022-09-29,6
대전,2022-09-30,6
대전,2022-10-01,6
대전,2022-10-02,6
대전,2022-10-03,10
대전,2022-10-04,6
대전,2022-10-05,6
대전,2022-10-06,6
대전,2022-10-07,2
대전,2022-10-08,2
대전,2022-10-09,2
대전,2022-10-10,13
대전,2022-10-11,2
대전,2022-10-12,2
대전,2022-10-13,2
대전,2022-10-14,2
대전,2022-10-15,6
대전,2022-10-16,6
대전,2022-10-17,2
대전,2022-10-18,13
대전,2022-10-19,13
대전,2022-10-20,2
대전,2022-10-21,2
대전,2022-10-22,2
대전,2022-10-23,2
대전,2022-10-24,13
대전,2022-10-25,13
대전,2022-10-26,2
대전,2022-10-27,2
대전,2022-10-28,2
대전,2022-10-29,2
대전,2022-10-30,2
대전,2022-10-31,2
대전,2022-11-01,2
대전,2022-11-02,13
대전,2022-11-03,13
대전,2022-11-04,13
대전,2022-11-05,13
대전,2022-11-06,13
대전,2022-11-07,13
대전,2022-11-08,2
대전,2022-11-09,13
대전,2022-11-10,2
대전,2022-11-11,2
대전,2022-11-12,2
대전,2022-11-13,2
대전,2022-11-14,13
대전,2022-11-15,13
대전,2022-11-16,13
대전,2022-11-17,13
대전,2022-11-18,13
대전,2022-11-19,13
대전,2022-11-20,2
대전,2022-11-21,2
대전,2022-11-22,2
대전,2022-11-23,13
대전,2022-11-24,13
대전,2022-11-25,13
대전,2022-11-26,13
대전,2022-11-27,13
대전,2022-11-28,13
대전,2022-11-29,13
대전,2022-11-30,12
대전,2022-12-01,9
대전,2022-12-02,9
대전,2022-12-03,15
대전,2022-12-04,9
대전,2022-12-05,9
대전,2022-12-06,9
대전,2022-12-07,15
대전,2022-12-08,15
대전,2022-12-09,15
대전,2022-12-10,15
대전,2022-12-11,15
대전,2022-12-12,15
대전,2022-12-13,9
대전,2022-12-14,12
대전,2022-12-15,9
대전,2022-12-16,9
대전,2022-12-17,12
대전,2022-12-18,12
대전,2022-12-19,12
대전,2022-12-20,9
대전,2022-12-21,15
대전,2022-12-22,12
대전,2022-12-23,12
대전,2022-12-24,12
대전,2022-12-25,12
대전,2022-12-26,9
대전,2022-12-27,9
대전,2022-12-28,9
대전,2022-12-29,9
대전,2022-12-30,9
대전,2022-12-31,9
대전,2023-01-01,9
대전,2023-01-02,9
대전,2023-01-03,9
대전,2023-01-04,9
대전,2023-01-05,9
대전,2023-01-06,15
대전,2023-01-07,15
대전,2023-01-08,15
대전,2023-01-09,15
대전,2023-01-10,15
대전,2023-01-11,15
대전,2023-01-12,1
대전,2023-01-13,1
대전,2023-01-14,1
대전,2023-01-15,9
대전,2023-01-16,9
대전,2023-01-17,9
대전,2023-01-18,9
대전,2023-01-19,9
대전,2023-01-20,9
대전,2023-01-21,9
대전,2023-01-22,9
대전,2023-01-23,9
대전,2023-01-24,12
대전,2023-01-25,12
대전,2023-01-26,12
대전,2023-01-27,12
대전,2023-01-28,12
대전,2023-01-29,9
대전,2023-01-30,9
대전,2023-01-31,15
대전,2023-02-01,3
대전,2023-02-02,3
대전,2023-02-03,3
대전,2023-02-04,3
대전,2023-02-05,3
대전,2023-02-06,3
대전,2023-02-07,5
대전,2023-02-08,3
대전,2023-02-09,3
대전,2023-02-10,3
대전,2023-02-11,3
대전,2023-02-12,3
대전,2023-02-13,5
대전,2023-02-14,3
대전,2023-02-15,3
대전,2023-02-16,3
대전,2023-02-17,5
대전,2023-02-18,5
대전,2023-02-19,3
대전,2023-02-20,3
대전,2023-02-21,3
대전,2023-02-22,3
대전,2023-02-23,5
대전,2023-02-24,3
대전,2023-02-25,3
대전,2023-02-26,3
대전,2023-02-27,5
대전,2023-02-28,5
대전,2023-03-01,5
대전,2023-03-02,3
대전,2023-03-03,5
대전,2023-03-04,5
대전,2023-03-05,14
대전,2023-03-06,14
대전,2023-03-07,14
대전,2023-03-08,4
대전,2023-03-09,4
대전,2023-03-10,4
대전,2023-03-11,4
대전,2023-03-12,5
대전,2023-03-13,3
대전,2023-03-14,14
대전,2023-03-15,14
대전,2023-03-16,5
대전,2023-03-17,5
대전,2023-03-18,14
대전,2023-03-19,14
대전,2023-03-20,14
대전,2023-03-21,4
대전,2023-03-22,4
대전,2023-03-23,4
대전,2023-03-24,14
대전,2023-03-25,14
대전,2023-03-26,14
대전,2023-03-27,5
대전,2023-03-28,14
대전,2023-03-29,14
대전,2023-03-30,4
대전,2023-03-31,4
대전,2023-04-01,4
대전,2023-04-02,4
대전,2023-04-03,4
대전,2023-04-04,4
대전,2023-04-05,14
대전,2023-04-06,14
대전,2023-04-07,14
대전,2023-04-08,5
대전,2023-04-09,14
대전,2023-04-10,14
대전,2023-04-11,4
대전,2023-04-12,14
대전,2023-04-13,4
대전,2023-04-14,4
대전,2023-04-15,4
대전,2023-04-16,14
대전,2023-04-17,4
대전,2023-04-18,4
대전,2023-04-19,11
대전,2023-04-20,11
대전,2023-04-21,4
대전,2023-04-22,4
대전,2023-04-23,4
대전,2023-04-24,4
대전,2023-04-25,14
대전,2023-04-26,14
대전,2023-04-27,14
대전,2023-04-28,4
대전,2023-04-29,4
대전,2023-04-30,4
대전,2023-05-01,4
대전,2023-05-02,4
대전,2023-05-03,11
대전,2023-05-04,11
대전,2023-05-05,11
대전,2023-05-06,4
대전,2023-05-07,14
대전,2023-05-08,4
대전,2023-05-09,4
대전,2023-05-10,11
대전,2023-05-11,11
대전,2023-05-12,11
대전,2023-05-13,11
대전,2023-05-14,11
대전,2023-05-15,11
대전,2023-05-16,11
대전,2023-05-17,11
대전,2023-05-18,11
대전,2023-05-19,11
대전,2023-05-20,11
대전,2023-05-21,11
대전,2023-05-22,11
대전,2023-05-23,11
대전,2023-05-24,11
대전,2023-05-25,11
대전,2023-05-26,11
대전,2023-05-27,11
대전,2023-05-28,11
대전,2023-05-29,11
대전,2023-05-30,11
대전,2023-05-31,11
대전,2023-06-01,11
대전,2023-06-02,7
대전,2023-06-03,7
대전,2023-06-04,7
대전,2023-06-05,7
대전,2023-06-06,7
대전,2023-06-07,7
대전,2023-06-08,7
대전,2023-06-09,7
대전,2023-06-10,7
대전,2023-06-11,7
대전,2023-06-12,7
대전,2023-06-13,7
안동,2022-06-15,7
안동,2022-06-16,7
안동,2022-06-17,7
안동,2022-06-18,0
안동,2022-06-19,0
안동,2022-06-20,0
안동,2022-06-21,0
안동,2022-06-22,0
안동,2022-06-23,0
안동,2022-06-24,0
안동,2022-06-25,0
안동,2022-06-26,0
안동,2022-06-27,0
안동,2022-06-28,0
안동,2022-06-29,0
안동,2022-06-30,0
안동,2022-07-01,0
안동,2022-07-02,0
안동,2022-07-03,0
안동,2022-07-04,0
안동,2022-07-05,0
안동,2022-07-06,0
안동,2022-07-07,0
안동,2022-07-08,0
안동,2022-07-09,0
안동,2022-07-10,0
안동,2022-07-11,7
안동,2022-07-12,0
안동,2022-07-13,7
안동,2022-07-14,0
안동,2022-07-15,0
안동,2022-07-16,7
안동,2022-07-17,0
안동,2022-07-18,7
안동,2022-07-19,0
안동,2022-07-20,0
안동,2022-07-21,7
안동,2022-07-22,7
안동,2022-07-23,7
안동,2022-07-24,7
안동,2022-07-25,0
안동,2022-07-26,0
안동,2022-07-27,0
안동,2022-07-28,0
안동,2022-07-29,0
안동,2022-07-30,0
안동,2022-07-31,0
안동,2022-08-01,0
안동,2022-08-02,8
안동,2022-08-03,8
안동,2022-08-04,8
안동,2022-08-05,8
안동,2022-08-06,8
안동,2022-08-07,8
안동,2022-08-08,8
안동,2022-08-09,8
안동,2022-08-10,10
안동,2022-08-11,10
안동,2022-08-12,8
안동,2022-08-13,10
안동,2022-08-14,8
안동,2022-08-15,8
안동,2022-08-16,10
안동,2022-08-17,10
안동,2022-08-18,10
안동,2022-08-19,10
안동,2022-08-20,8
안동,2022-08-21,8
안동,2022-08-22,10
안동,2022-08-23,10
안동,2022-08-24,10
안동,2022-08-25,10
안동,2022-08-26,10
안동,2022-08-27,10
안동,2022-08-28,6
안동,2022-08-29,6
안동,2022-08-30,6
안동,2022-08-31,10
안동,2022-09-01,10
안동,2022-09-02,10
안동,2022-09-03,10
안동,2022-09-04,10
안동,2022-09-05,10
안동,2022-09-06,6
안동,2022-09-07,6
안동,2022-09-08,6
안동,2022-09-09,6
안동,2022-09-10,6
안동,2022-09-11,10
안동,2022-09-12,10
안동,2022-09-13,10
안동,2022-09-14,10
안동,2022-09-15,10
안동,2022-09-16,10
안동,2022-09-17,8
안동,2022-09-18,10
안동,2022-09-19,10
안동,2022-09-20,6
안동,2022-09-21,2
안동,2022-09-22,6
안동,2022-09-23,6
안동,2022-09-24,6
안동,2022-09-25,6
안동,2022-09-26,6
안동,2022-09-27,6
안동,2022-09-28,6
안동,2022-09-29,6
안동,2022-09-30,6
안동,2022-10-01,6
안동,2022-10-02,6
안동,2022-10-03,10
안동,2022-10-04,6
안동,2022-10-05,2
안동,2022-10-06,6
안동,2022-10-07,2
안동,2022-10-08,2
안동,2022-10-09,2
안동,2022-10-10,13
안동,2022-10-11,13
안동,2022-10-12,2
안동,2022-10-13,2
안동,2022-10-14,2
안동,2022-10-15,6
안동,2022-10-16,6
안동,2022-10-17,2
안동,2022-10-18,13
안동,2022-10-19,13
안동,2022-10-20,13
안동,2022-10-21,2
안동,2022-10-22,2
안동,2022-10-23,2
안동,2022-10-24,13
안동,2022-10-25,13
안동,2022-10-26,13
안동,2022-10-27,2
안동,2022-10-28,2
안동,2022-10-29,2
안동,2022-10-30,2
안동,2022-10-31,2
안동,2022-11-01,2
안동,2022-11-02,13
안동,2022-11-03,13
안동,2022-11-04,13
안동,2022-11-05,13
안동,2022-11-06,13
안동,2022-11-07,13
안동,2022-11-08,13
안동,2022-11-09,13
안동,2022-11-10,13
안동,2022-11-11,2
안동,2022-11-12,2
안동,2022-11-13,2
안동,2022-11-14,13
안동,2022-11-15,13
안동,2022-11-16,13
안동,2022-11-17,13
안동,2022-11-18,13
안동,2022-11-19,13
안동,2022-11-20,13
안동,2022-11-21,13
안동,2022-11-22,13
안동,2022-11-23,2
안동,2022-11-24,13
안동,2022-11-25,13
안동,2022-11-26,13
안동,2022-11-27,13
안동,2022-11-28,13
안동,2022-11-29,13
안동,2022-11-30,9
안동,2022-12-01,12
안동,2022-12-02,9
안동,2022-12-03,9
안동,2022-12-04,9
안동,2022-12-05,9
안동,2022-12-06,9
안동,2022-12-07,15
안동,2022-12-08,15
안동,2022-12-09,15
안동,2022-12-10,15
안동,2022-12-11,15
안동,2022-12-12,15
안동,2022-12-13,9
안동,2022-12-14,12
안동,2022-12-15,9
안동,2022-12-16,9
안동,2022-12-17,12
안동,2022-12-18,12
안동,2022-12-19,12
안동,2022-12-20,9
안동,2022-12-21,9
안동,2022-12-22,12
안동,2022-12-23,12
안동,2022-12-24,12
안동,2022-12-25,12
안동,2022-12-26,9
안동,2022-12-27,9
안동,2022-12-28,9
안동,2022-12-29,9
안동,2022-12-30,9
안동,2022-12-31,9
안동,2023-01-01,9
안동,2023-01-02,9
안동,2023-01-03,9
안동,2023-01-04,9
안동,2023-01-05,9
안동,2023-01-06,9
안동,2023-01-07,9
안동,2023-01-08,9
안동,2023-01-09,15
안동,2023-01-10,15
안동,2023-01-11,15
안동,2023-01-12,15
안동,2023-01-13,1
안동,2023-01-14,1
안동,2023-01-15,15
안동,2023-01-16,9
안동,2023-01-17,9
안동,2023-01-18,9
안동,2023-01-19,9
안동,2023-01-20,9
안동,2023-01-21,9
안동,2023-01-22,9
안동,2023-01-23,9
안동,2023-01-24,12
안동,2023-01-25,12
안동,2023-01-26,12
안동,2023-01-27,12
안동,2023-01-28,12
안동,2023-01-29,9
안동,2023-01-30,9
안동,2023-01-31,9
안동,2023-02-01,3
안동,2023-02-02,3
안동,2023-02-03,3
안동,2023-02-04,3
안동,2023-02-05,3
안동,2023-02-06,3
안동,2023-02-07,5
안동,2023-02-08,3
안동,2023-02-09,3
안동,2023-02-10,3
안동,2023-02-11,3
안동,2023-02-12,3
안동,2023-02-13,5
안동,2023-02-14,3
안동,2023-02-15,3
안동,2023-02-16,3
안동,2023-02-17,5
안동,2023-02-18,5
안동,2023-02-19,5
안동,2023-02-20,3
안동,2023-02-21,3
안동,2023-02-22,3
안동,2023-02-23,5
안동,2023-02-24,5
안동,2023-02-25,3
안동,2023-02-26,3
안동,2023-02-27,5
안동,2023-02-28,5
안동,2023-03-01,5
안동,2023-03-02,3
안동,2023-03-03,5
안동,2023-03-04,5
안동,2023-03-05,5
안동,2023-03-06,14
안동,2023-03-07,14
안동,2023-03-08,14
안동,2023-03-09,14
안동,2023-03-10,4
안동,2023-03-11,4
안동,2023-03-12,5
안동,2023-03-13,3
안동,2023-03-14,14
안동,2023-03-15,14
안동,2023-03-16,5
안동,2023-03-17,5
안동,2023-03-18,14
안동,2023-03-19,14
안동,2023-03-20,14
안동,2023-03-21,4
안동,2023-03-22,4
안동,2023-03-23,4
안동,2023-03-24,14
안동,2023-03-25,14
안동,2023-03-26,14
안동,2023-03-27,5
안동,2023-03-28,14
안동,2023-03-29,14
안동,2023-03-30,4
안동,2023-03-31,4
안동,2023-04-01,4
안동,2023-04-02,14
안동,2023-04-03,14
안동,2023-04-04,4
안동,2023-04-05,4
안동,2023-04-06,14
안동,2023-04-07,14
안동,2023-04-08,5
안동,2023-04-09,14
안동,2023-04-10,4
안동,2023-04-11,4
안동,2023-04-12,14
안동,2023-04-13,14
안동,2023-04-14,4
안동,2023-04-15,14
안동,2023-04-16,14
안동,2023-04-17,14
안동,2023-04-18,4
안동,2023-04-19,4
안동,2023-04-20,11
안동,2023-04-21,4
안동,2023-04-22,14
안동,2023-04-23,14
안동,2023-04-24,14
안동,2023-04-25,14
안동,2023-04-26,14
안동,2023-04-27,4
안동,2023-04-28,4
안동,2023-04-29,4
안동,2023-04-30,4
안동,2023-05-01,4
안동,2023-05-02,4
안동,2023-05-03,11
안동,2023-05-04,11
안동,2023-05-05,11
안동,2023-05-06,14
안동,2023-05-07,14
안동,2023-05-08,4
안동,2023-05-09,4
안동,2023-05-10,11
안동,2023-05-11,4
안동,2023-05-12,11
안동,2023-05-13,11
안동,2023-05-14,11
안동,2023-05-15,11
안동,2023-05-16,11
안동,2023-05-17,11
안동,2023-05-18,11
안동,2023-05-19,11
안동,2023-05-20,11
안동,2023-05-21,11
안동,2023-05-22,11
안동,2023-05-23,4
안동,2023-05-24,11
안동,2023-05-25,11
안동,2023-05-26,11
안동,2023-05-27,11
안동,2023-05-28,11
안동,2023-05-29,11
안동,2023-05-30,11
안동,2023-05-31,11
안동,2023-06-01,11
안동,2023-06-02,7
안동,2023-06-03,7
안동,2023-06-04,7
안동,2023-06-05,7
안동,2023-06-06,7
안동,2023-06-07,7
안동,2023-06-08,7
안동,2023-06-09,7
안동,2023-06-10,7
안동,2023-06-11,7
안동,2023-06-12,7
안동,2023-06-13,7
대구,2022-06-15,7
대구,2022-06-16,7
대구,2022-06-17,0
대구,2022-06-18,0
대구,2022-06-19,0
대구,2022-06-20,0
대구,2022-06-21,0
대구,2022-06-22,0
대구,2022-06-23,0
대구,2022-06-24,0
대구,2022-06-25,0
대구,2022-06-26,0
대구,2022-06-27,0
대구,2022-06-28,0
대구,2022-06-29,0
대구,2022-06-30,0
대구,2022-07-01,0
대구,2022-07-02,0
대구,2022-07-03,0
대구,2022-07-04,0
대구,2022-07-05,0
대구,2022-07-06,0
대구,2022-07-07,0
대구,2022-07-08,0
대구,2022-07-09,0
대구,2022-07-10,0
대구,2022-07-11,0
대구,2022-07-12,0
대구,2022-07-13,7
대구,2022-07-14,0
대구,2022-07-15,0
대구,2022-07-16,0
대구,2022-07-17,0
대구,2022-07-18,7
대구,2022-07-19,0
대구,2022-07-20,0
대구,2022-07-21,0
대구,2022-07-22,0
대구,2022-07-23,7
대구,2022-07-24,0
대구,2022-07-25,0
대구,2022-07-26,0
대구,2022-07-27,0
대구,2022-07-28,0
대구,2022-07-29,0
대구,2022-07-30,0
대구,2022-07-31,0
대구,2022-08-01,0
대구,2022-08-02,8
대구,2022-08-03,8
대구,2022-08-04,8
대구,2022-08-05,8
대구,2022-08-06,8
대구,2022-08-07,8
대구,2022-08-08,8
대구,2022-08-09,8
대구,2022-08-10,8
대구,2022-08-11,8
대구,2022-08-12,8
대구,2022-08-13,8
대구,2022-08-14,8
대구,2022-08-15,8
대구,2022-08-16,8
대구,2022-08-17,8
대구,2022-08-18,8
대구,2022-08-19,8
대구,2022-08-20,8
대구,2022-08-21,8
대구,2022-08-22,8
대구,2022-08-23,10
대구,2022-08-24,10
대구,2022-08-25,10
대구,2022-08-26,10
대구,2022-08-27,10
대구,2022-08-28,10
대구,2022-08-29,10
대구,2022-08-30,10
대구,2022-08-31,10
대구,2022-09-01,10
대구,2022-09-02,10
대구,2022-09-03,10
대구,2022-09-04,10
대구,2022-09-05,10
대구,2022-09-06,10
대구,2022-09-07,10
대구,2022-09-08,10
대구,2022-09-09,10
대구,2022-09-10,10
대구,2022-09-11,10
대구,2022-09-12,10
대구,2022-09-13,10
대구,2022-09-14,10
대구,2022-09-15,10
대구,2022-09-16,10
대구,2022-09-17,8
대구,2022-09-18,8
대구,2022-09-19,10
대구,2022-09-20,6
대구,2022-09-21,6
대구,2022-09-22,6
대구,2022-09-23,6
대구,2022-09-24,6
대구,2022-09-25,6
대구,2022-09-26,6
대구,2022-09-27,6
대구,2022-09-28,6
대구,2022-09-29,6
대구,2022-09-30,10
대구,2022-10-01,10
대구,2022-10-02,10
대구,2022-10-03,10
대구,2022-10-04,6
대구,2022-10-05,6
대구,2022-10-06,6
대구,2022-10-07,6
대구,2022-10-08,2
대구,2022-10-09,2
대구,2022-10-10,2
대구,2022-10-11,2
대구,2022-10-12,2
대구,2022-10-13,2
대구,2022-10-14,2
대구,2022-10-15,6
대구,2022-10-16,6
대구,2022-10-17,2
대구,2022-10-18,2
대구,2022-10-19,13
대구,2022-10-20,2
대구,2022-10-21,2
대구,2022-10-22,6
대구,2022-10-23,2
대구,2022-10-24,2
대구,2022-10-25,2
대구,2022-10-26,2
대구,2022-10-27,2
대구,2022-10-28,2
대구,2022-10-29,2
대구,2022-10-30,2
대구,2022-10-31,2
대구,2022-11-01,2
대구,2022-11-02,2
대구,2022-11-03,2
대구,2022-11-04,13
대구,2022-11-05,13
대구,2022-11-06,13
대구,2022-11-07,13
대구,2022-11-08,2
대구,2022-11-09,2
대구,2022-11-10,2
대구,2022-11-11,2
대구,2022-11-12,6
대구,2022-11-13,2
대구,2022-11-14,2
대구,2022-11-15,13
대구,2022-11-16,13
대구,2022-11-17,13
대구,2022-11-18,13
대구,2022-11-19,13
대구,2022-11-20,2
대구,2022-11-21,2
대구,2022-11-22,2
대구,2022-11-23,2
대구,2022-11-24,13
대구,2022-11-25,13
대구,2022-11-26,13
대구,2022-11-27,13
대구,2022-11-28,13
대구,2022-11-29,13
대구,2022-11-30,9
대구,2022-12-01,9
대구,2022-12-02,9
대구,2022-12-03,15
대구,2022-12-04,15
대구,2022-12-05,9
대구,2022-12-06,15
대구,2022-12-07,15
대구,2022-12-08,15
대구,2022-12-09,15
대구,2022-12-10,15
대구,2022-12-11,15
대구,2022-12-12,15
대구,2022-12-13,15
대구,2022-12-14,12
대구,2022-12-15,9
대구,2022-12-16,9
대구,2022-12-17,9
대구,2022-12-18,12
대구,2022-12-19,9
대구,2022-12-20,9
대구,2022-12-21,15
대구,2022-12-22,12
대구,2022-12-23,12
대구,2022-12-24,12
대구,2022-12-25,9
대구,2022-12-26,9
대구,2022-12-27,9
대구,2022-12-28,9
대구,2022-12-29,9
대구,2022-12-30,9
대구,2022-12-31,9
대구,2023-01-01,9
대구,2023-01-02,9
대구,2023-01-03,9
대구,2023-01-04,9
대구,2023-01-05,9
대구,2023-01-06,15
대구,2023-01-07,15
대구,2023-01-08,15
대구,2023-01-09,15
대구,2023-01-10,15
대구,2023-01-11,15
대구,2023-01-12,1
대구,2023-01-13,1
대구,2023-01-14,1
대구,2023-01-15,15
대구,2023-01-16,9
대구,2023-01-17,9
대구,2023-01-18,9
대구,2023-01-19,15
대구,2023-01-20,9
대구,2023-01-21,9
대구,2023-01-22,9
대구,2023-01-23,15
대구,2023-01-24,12
대구,2023-01-25,12
대구,2023-01-26,9
대구,2023-01-27,12
대구,2023-01-28,12
대구,2023-01-29,9
대구,2023-01-30,9
대구,2023-01-31,15
대구,2023-02-01,3
대구,2023-02-02,3
대구,2023-02-03,3
대구,2023-02-04,3
대구,2023-02-05,3
대구,2023-02-06,5
대구,2023-02-07,5
대구,2023-02-08,5
대구,2023-02-09,3
대구,2023-02-10,5
대구,2023-02-11,5
대구,2023-02-12,5
대구,2023-02-13,5
대구,2023-02-14,5
대구,2023-02-15,3
대구,2023-02-16,5
대구,2023-02-17,5
대구,2023-02-18,5
대구,2023-02-19,5
대구,2023-02-20,3
대구,2023-02-21,3
대구,2023-02-22,5
대구,2023-02-23,5
대구,2023-02-24,5
대구,2023-02-25,3
대구,2023-02-26,5
대구,2023-02-27,5
대구,2023-02-28,14
대구,2023-03-01,5
대구,2023-03-02,3
대구,2023-03-03,5
대구,2023-03-04,5
대구,2023-03-05,14
대구,2023-03-06,14
대구,2023-03-07,4
대구,2023-03-08,4
대구,2023-03-09,4
대구,2023-03-10,4
대구,2023-03-11,4
대구,2023-03-12,14
대구,2023-03-13,5
대구,2023-03-14,14
대구,2023-03-15,4
대구,2023-03-16,14
대구,2023-03-17,14
대구,2023-03-18,14
대구,2023-03-19,14
대구,2023-03-20,14
대구,2023-03-21,4
대구,2023-03-22,4
대구,2023-03-23,4
대구,2023-03-24,14
대구,2023-03-25,14
대구,2023-03-26,14
대구,2023-03-27,14
대구,2023-03-28,14
대구,2023-03-29,4
대구,2023-03-30,4
대구,2023-03-31,4
대구,2023-04-01,4
대구,2023-04-02,14
대구,2023-04-03,14
대구,2023-04-04,4
대구,2023-04-05,4
대구,2023-04-06,4
대구,2023-04-07,14
대구,2023-04-08,14
대구,2023-04-09,4
대구,2023-04-10,4
대구,2023-04-11,4
대구,2023-04-12,4
대구,2023-04-13,4
대구,2023-04-14,4
대구,2023-04-15,4
대구,2023-04-16,14
대구,2023-04-17,4
대구,2023-04-18,4
대구,2023-04-19,11
대구,2023-04-20,11
대구,2023-04-21,4
대구,2023-04-22,4
대구,2023-04-23,14
대구,2023-04-24,14
대구,2023-04-25,14
대구,2023-04-26,14
대구,2023-04-27,4
대구,2023-04-28,4
대구,2023-04-29,4
대구,2023-04-30,4
대구,2023-05-01,4
대구,2023-05-02,4
대구,2023-05-03,11
대구,2023-05-04,11
대구,2023-05-05,11
대구,2023-05-06,14
대구,2023-05-07,14
대구,2023-05-08,4
대구,2023-05-09,11
대구,2023-05-10,11
대구,2023-05-11,4
대구,2023-05-12,11
대구,2023-05-13,11
대구,2023-05-14,11
대구,2023-05-15,11
대구,2023-05-16,11
대구,2023-05-17,11
대구,2023-05-18,11
대구,2023-05-19,11
대구,2023-05-20,11
대구,2023-05-21,11
대구,2023-05-22,4
대구,2023-05-23,11
대구,2023-05-24,11
대구,2023-05-25,11
대구,2023-05-26,11
대구,2023-05-27,11
대구,2023-05-28,11
대구,2023-05-29,11
대구,2023-05-30,11
대구,2023-05-31,11
대구,2023-06-01,11
대구,2023-06-02,7
대구,2023-06-03,7
대구,2023-06-04,7
대구,2023-06-05,7
대구,2023-06-06,7
대구,2023-06-07,7
대구,2023-06-08,7
대구,2023-06-09,7
대구,2023-06-10,7
대구,2023-06-11,7
대구,2023-06-12,7
대구,2023-06-13,7
전주,2022-06-15,7
전주,2022-06-16,7
전주,2022-06-17,7
전주,2022-06-18,7
전주,2022-06-19,0
전주,2022-06-20,0
전주,2022-06-21,0
전주,2022-06-22,0
전주,2022-06-23,0
전주,2022-06-24,7
전주,2022-06-25,0
전주,2022-06-26,0
전주,2022-06-27,0
전주,2022-06-28,0
전주,2022-06-29,0
전주,2022-06-30,0
전주,2022-07-01,0
전주,2022-07-02,0
전주,2022-07-03,0
전주,2022-07-04,0
전주,2022-07-05,0
전주,2022-07-06,0
전주,2022-07-07,0
전주,2022-07-08,0
전주,2022-07-09,0
전주,2022-07-10,0
전주,2022-07-11,0
전주,2022-07-12,0
전주,2022-07-13,0
전주,2022-07-14,0
전주,2022-07-15,0
전주,2022-07-16,0
전주,2022-07-17,0
전주,2022-07-18,7
전주,2022-07-19,0
전주,2022-07-20,0
전주,2022-07-21,7
전주,2022-07-22,0
전주,2022-07-23,0
전주,2022-07-24,7
전주,2022-07-25,0
전주,2022-07-26,0
전주,2022-07-27,0
전주,2022-07-28,0
전주,2022-07-29,0
전주,2022-07-30,0
전주,2022-07-31,0
전주,2022-08-01,0
전주,2022-08-02,8
전주,2022-08-03,8
전주,2022-08-04,8
전주,2022-08-05,8
전주,2022-08-06,8
전주,2022-08-07,8
전주,2022-08-08,8
전주,2022-08-09,8
전주,2022-08-10,8
전주,2022-08-11,8
전주,2022-08-12,8
전주,2022-08-13,8
전주,2022-08-14,8
전주,2022-08-15,8
전주,2022-08-16,8
전주,2022-08-17,8
전주,2022-08-18,8
전주,2022-08-19,8
전주,2022-08-20,8
전주,2022-08-21,8
전주,2022-08-22,8
전주,2022-08-23,10
전주,2022-08-24,10
전주,2022-08-25,10
전주,2022-08-26,10
전주,2022-08-27,10
전주,2022-08-28,10
전주,2022-08-29,10
전주,2022-08-30,10
전주,2022-08-31,10
전주,2022-09-01,10
전주,2022-09-02,10
전주,2022-09-03,10
전주,2022-09-04,8
전주,2022-09-05,10
전주,2022-09-06,6
전주,2022-09-07,10
전주,2022-09-08,10
전주,2022-09-09,10
전주,2022-09-10,10
전주,2022-09-11,10
전주,2022-09-12,10
전주,2022-09-13,10
전주,2022-09-14,10
전주,2022-09-15,8
전주,2022-09-16,8
전주,2022-09-17,8
전주,2022-09-18,8
전주,2022-09-19,10
전주,2022-09-20,6
전주,2022-09-21,6
전주,2022-09-22,6
전주,2022-09-23,6
전주,2022-09-24,6
전주,2022-09-25,6
전주,2022-09-26,6
전주,2022-09-27,6
전주,2022-09-28,6
전주,2022-09-29,6
전주,2022-09-30,6
전주,2022-10-01,10
전주,2022-10-02,10
전주,2022-10-03,10
전주,2022-10-04,6
전주,2022-10-05,6
전주,2022-10-06,6
전주,2022-10-07,2
전주,2022-10-08,6
전주,2022-10-09,2
전주,2022-10-10,13
전주,2022-10-11,2
전주,2022-10-12,2
전주,2022-10-13,2
전주,2022-10-14,6
전주,2022-10-15,6
전주,2022-10-16,6
전주,2022-10-17,2
전주,2022-10-18,13
전주,2022-10-19,13
전주,2022-10-20,2
전주,2022-10-21,2
전주,2022-10-22,6
전주,2022-10-23,2
전주,2022-10-24,13
전주,2022-10-25,13
전주,2022-10-26,2
전주,2022-10-27,2
전주,2022-10-28,2
전주,2022-10-29,2
전주,2022-10-30,2
전주,2022-10-31,2
전주,2022-11-01,2
전주,2022-11-02,2
전주,2022-11-03,2
전주,2022-11-04,13
전주,2022-11-05,13
전주,2022-11-06,13
전주,2022-11-07,2
전주,2022-11-08,2
전주,2022-11-09,2
전주,2022-11-10,2
전주,2022-11-11,2
전주,2022-11-12,6
전주,2022-11-13,13
전주,2022-11-14,13
전주,2022-11-15,13
전주,2022-11-16,13
전주,2022-11-17,13
전주,2022-11-18,2
전주,2022-11-19,2
전주,2022-11-20,2
전주,2022-11-21,2
전주,2022-11-22,2
전주,2022-11-23,2
전주,2022-11-24,13
전주,2022-11-25,2
전주,2022-11-26,13
전주,2022-11-27,13
전주,2022-11-28,2
전주,2022-11-29,13
전주,2022-11-30,9
전주,2022-12-01,9
전주,2022-12-02,15
전주,2022-12-03,1
전주,2022-12-04,9
전주,2022-12-05,9
전주,2022-12-06,15
전주,2022-12-07,15
전주,2022-12-08,15
전주,2022-12-09,1
전주,2022-12-10,15
전주,2022-12-11,15
전주,2022-12-12,15
전주,2022-12-13,15
전주,2022-12-14,12
전주,2022-12-15,9
전주,2022-12-16,9
전주,2022-12-17,12
전주,2022-12-18,12
전주,2022-12-19,9
전주,2022-12-20,15
전주,2022-12-21,15
전주,2022-12-22,12
전주,2022-12-23,12
전주,2022-12-24,12
전주,2022-12-25,9
전주,2022-12-26,9
전주,2022-12-27,9
전주,2022-12-28,9
전주,2022-12-29,9
전주,2022-12-30,15
전주,2022-12-31,15
전주,2023-01-01,9
전주,2023-01-02,9
전주,2023-01-03,9
전주,2023-01-04,9
전주,2023-01-05,15
전주,2023-01-06,15
전주,2023-01-07,15
전주,2023-01-08,15
전주,2023-01-09,15
전주,2023-01-10,15
전주,2023-01-11,15
전주,2023-01-12,1
전주,2023-01-13,1
전주,2023-01-14,1
전주,2023-01-15,9
전주,2023-01-16,9
전주,2023-01-17,9
전주,2023-01-18,9
전주,2023-01-19,15
전주,2023-01-20,9
전주,2023-01-21,9
전주,2023-01-22,15
전주,2023-01-23,15
전주,2023-01-24,12
전주,2023-01-25,12
전주,2023-01-26,9
전주,2023-01-27,12
전주,2023-01-28,9
전주,2023-01-29,9
전주,2023-01-30,9
전주,2023-01-31,15
전주,2023-02-01,3
전주,2023-02-02,3
전주,2023-02-03,3
전주,2023-02-04,3
전주,2023-02-05,3
전주,2023-02-06,5
전주,2023-02-07,5
전주,2023-02-08,3
전주,2023-02-09,5
전주,2023-02-10,5
전주,2023-02-11,5
전주,2023-02-12,5
전주,2023-02-13,5
전주,2023-02-14,3
전주,2023-02-15,5
전주,2023-02-16,5
전주,2023-02-17,5
전주,2023-02-18,5
전주,2023-02-19,3
전주,2023-02-20,3
전주,2023-02-21,3
전주,2023-02-22,3
전주,2023-02-23,5
전주,2023-02-24,5
전주,2023-02-25,3
전주,2023-02-26,3
전주,2023-02-27,5
전주,2023-02-28,5
전주,2023-03-01,5
전주,2023-03-02,3
전주,2023-03-03,5
전주,2023-03-04,5
전주,2023-03-05,14
전주,2023-03-06,14
전주,2023-03-07,4
전주,2023-03-08,4
전주,2023-03-09,4
전주,2023-03-10,4
전주,2023-03-11,4
전주,2023-03-12,5
전주,2023-03-13,5
전주,2023-03-14,14
전주,2023-03-15,14
전주,2023-03-16,5
전주,2023-03-17,14
전주,2023-03-18,14
전주,2023-03-19,14
전주,2023-03-20,14
전주,2023-03-21,4
전주,2023-03-22,4
전주,2023-03-23,14
전주,2023-03-24,14
전주,2023-03-25,14
전주,2023-03-26,14
전주,2023-03-27,5
전주,2023-03-28,14
전주,2023-03-29,14
전주,2023-03-30,4
전주,2023-03-31,4
전주,2023-04-01,4
전주,2023-04-02,4
전주,2023-04-03,4
전주,2023-04-04,4
전주,2023-04-05,4
전주,2023-04-06,14
전주,2023-04-07,5
전주,2023-04-08,5
전주,2023-04-09,14
전주,2023-04-10,4
전주,2023-04-11,4
전주,2023-04-12,14
전주,2023-04-13,4
전주,2023-04-14,4
전주,2023-04-15,4
전주,2023-04-16,14
전주,2023-04-17,4
전주,2023-04-18,4
전주,2023-04-19,11
전주,2023-04-20,11
전주,2023-04-21,4
전주,2023-04-22,11
전주,2023-04-23,4
전주,2023-04-24,4
전주,2023-04-25,14
전주,2023-04-26,14
전주,2023-04-27,14
전주,2023-04-28,4
전주,2023-04-29,4
전주,2023-04-30,4
전주,2023-05-01,4
전주,2023-05-02,11
전주,2023-05-03,11
전주,2023-05-04,11
전주,2023-05-05,11
전주,2023-05-06,4
전주,2023-05-07,4
전주,2023-05-08,4
전주,2023-05-09,4
전주,2023-05-10,4
전주,2023-05-11,11
전주,2023-05-12,11
전주,2023-05-13,11
전주,2023-05-14,11
전주,2023-05-15,11
전주,2023-05-16,11
전주,2023-05-17,11
전주,2023-05-18,11
전주,2023-05-19,11
전주,2023-05-20,11
전주,2023-05-21,11
전주,2023-05-22,4
전주,2023-05-23,11
전주,2023-05-24,11
전주,2023-05-25,11
전주,2023-05-26,11
전주,2023-05-27,11
전주,2023-05-28,11
전주,2023-05-29,11
전주,2023-05-30,11
전주,2023-05-31,11
전주,2023-06-01,11
전주,2023-06-02,7
전주,2023-06-03,7
전주,2023-06-04,7
전주,2023-06-05,7
전주,2023-06-06,7
전주,2023-06-07,7
전주,2023-06-08,7
전주,2023-06-09,7
전주,2023-06-10,7
전주,2023-06-11,7
전주,2023-06-12,7
전주,2023-06-13,7
울산,2022-06-15,7
울산,2022-06-16,7
울산,2022-06-17,7
울산,2022-06-18,0
울산,2022-06-19,0
울산,2022-06-20,0
울산,2022-06-21,7
울산,2022-06-22,0
울산,2022-06-23,0
울산,2022-06-24,0
울산,2022-06-25,0
울산,2022-06-26,0
울산,2022-06-27,0
울산,2022-06-28,0
울산,2022-06-29,0
울산,2022-06-30,0
울산,2022-07-01,0
울산,2022-07-02,0
울산,2022-07-03,0
울산,2022-07-04,0
울산,2022-07-05,0
울산,2022-07-06,0
울산,2022-07-07,0
울산,2022-07-08,0
울산,2022-07-09,0
울산,2022-07-10,0
울산,2022-07-11,0
울산,2022-07-12,7
울산,2022-07-13,7
울산,2022-07-14,0
울산,2022-07-15,0
울산,2022-07-16,0
울산,2022-07-17,0
울산,2022-07-18,7
울산,2022-07-19,0
울산,2022-07-20,0
울산,2022-07-21,0
울산,2022-07-22,7
울산,2022-07-23,7
울산,2022-07-24,0
울산,2022-07-25,0
울산,2022-07-26,7
울산,2022-07-27,7
울산,2022-07-28,0
울산,2022-07-29,0
울산,2022-07-30,0
울산,2022-07-31,0
울산,2022-08-01,0
울산,2022-08-02,8
울산,2022-08-03,8
울산,2022-08-04,8
울산,2022-08-05,8
울산,2022-08-06,8
울산,2022-08-07,8
울산,2022-08-08,8
울산,2022-08-09,8
울산,2022-08-10,8
울산,2022-08-11,8
울산,2022-08-12,8
울산,2022-08-13,8
울산,2022-08-14,8
울산,2022-08-15,8
울산,2022-08-16,8
울산,2022-08-17,10
울산,2022-08-18,10
울산,2022-08-19,8
울산,2022-08-20,8
울산,2022-08-21,10
울산,2022-08-22,10
울산,2022-08-23,10
울산,2022-08-24,10
울산,2022-08-25,10
울산,2022-08-26,10
울산,2022-08-27,10
울산,2022-08-28,10
울산,2022-08-29,10
울산,2022-08-30,10
울산,2022-08-31,10
울산,2022-09-01,10
울산,2022-09-02,10
울산,2022-09-03,10
울산,2022-09-04,10
울산,2022-09-05,10
울산,2022-09-06,10
울산,2022-09-07,10
울산,2022-09-08,10
울산,2022-09-09,10
울산,2022-09-10,10
울산,2022-09-11,10
울산,2022-09-12,10
울산,2022-09-13,10
울산,2022-09-14,10
울산,2022-09-15,10
울산,2022-09-16,10
울산,2022-09-17,10
울산,2022-09-18,10
울산,2022-09-19,10
울산,2022-09-20,6
울산,2022-09-21,6
울산,2022-09-22,6
울산,2022-09-23,10
울산,2022-09-24,6
울산,2022-09-25,6
울산,2022-09-26,6
울산,2022-09-27,6
울산,2022-09-28,6
울산,2022-09-29,6
울산,2022-09-30,6
울산,2022-10-01,10
울산,2022-10-02,10
울산,2022-10-03,10
울산,2022-10-04,6
울산,2022-10-05,6
울산,2022-10-06,6
울산,2022-10-07,2
울산,2022-10-08,2
울산,2022-10-09,2
울산,2022-10-10,2
울산,2022-10-11,2
울산,2022-10-12,2
울산,2022-10-13,6
울산,2022-10-14,6
울산,2022-10-15,6
울산,2022-10-16,6
울산,2022-10-17,2
울산,2022-10-18,2
울산,2022-10-19,13
울산,2022-10-20,2
울산,2022-10-21,2
울산,2022-10-22,6
울산,2022-10-23,2
울산,2022-10-24,2
울산,2022-10-25,2
울산,2022-10-26,2
울산,2022-10-27,2
울산,2022-10-28,2
울산,2022-10-29,2
울산,2022-10-30,2
울산,2022-10-31,2
울산,2022-11-01,2
울산,2022-11-02,2
울산,2022-11-03,2
울산,2022-11-04,13
울산,2022-11-05,13
울산,2022-11-06,13
울산,2022-11-07,2
울산,2022-11-08,2
울산,2022-11-09,2
울산,2022-11-10,2
울산,2022-11-11,2
울산,2022-11-12,6
울산,2022-11-13,2
울산,2022-11-14,2
울산,2022-11-15,13
울산,2022-11-16,13
울산,2022-11-17,13
울산,2022-11-18,2
울산,2022-11-19,2
울산,2022-11-20,2
울산,2022-11-21,2
울산,2022-11-22,2
울산,2022-11-23,2
울산,2022-11-24,13
울산,2022-11-25,2
울산,2022-11-26,2
울산,2022-11-27,13
울산,2022-11-28,2
울산,2022-11-29,2
울산,2022-11-30,9
울산,2022-12-01,9
울산,2022-12-02,9
울산,2022-12-03,1
울산,2022-12-04,15
울산,2022-12-05,9
울산,2022-12-06,15
울산,2022-12-07,15
울산,2022-12-08,1
울산,2022-12-09,1
울산,2022-12-10,1
울산,2022-12-11,1
울산,2022-12-12,1
울산,2022-12-13,15
울산,2022-12-14,9
울산,2022-12-15,9
울산,2022-12-16,9
울산,2022-12-17,9
울산,2022-12-18,12
울산,2022-12-19,9
울산,2022-12-20,9
울산,2022-12-21,15
울산,2022-12-22,9
울산,2022-12-23,12
울산,2022-12-24,12
울산,2022-12-25,9
울산,2022-12-26,9
울산,2022-12-27,15
울산,2022-12-28,15
울산,2022-12-29,9
울산,2022-12-30,15
울산,2022-12-31,15
울산,2023-01-01,15
울산,2023-01-02,9
울산,2023-01-03,9
울산,2023-01-04,9
울산,2023-01-05,15
울산,2023-01-06,15
울산,2023-01-07,15
울산,2023-01-08,15
울산,2023-01-09,1
울산,2023-01-10,1
울산,2023-01-11,1
울산,2023-01-12,1
울산,2023-01-13,1
울산,2023-01-14,1
울산,2023-01-15,15
울산,2023-01-16,9
울산,2023-01-17,9
울산,2023-01-18,9
울산,2023-01-19,15
울산,2023-01-20,15
울산,2023-01-21,9
울산,2023-01-22,15
울산,2023-01-23,15
울산,2023-01-24,12
울산,2023-01-25,12
울산,2023-01-26,9
울산,2023-01-27,12
울산,2023-01-28,12
울산,2023-01-29,9
울산,2023-01-30,9
울산,2023-01-31,15
울산,2023-02-01,5
울산,2023-02-02,3
울산,2023-02-03,3
울산,2023-02-04,3
울산,2023-02-05,3
울산,2023-02-06,5
울산,2023-02-07,5
울산,2023-02-08,5
울산,2023-02-09,5
울산,2023-02-10,5
울산,2023-02-11,5
울산,2023-02-12,5
울산,2023-02-13,5
울산,2023-02-14,3
울산,2023-02-15,3
울산,2023-02-16,5
울산,2023-02-17,5
울산,2023-02-18,5
울산,2023-02-19,5
울산,2023-02-20,3
울산,2023-02-21,3
울산,2023-02-22,5
울산,2023-02-23,5
울산,2023-02-24,5
울산,2023-02-25,3
울산,2023-02-26,5
울산,2023-02-27,5
울산,2023-02-28,14
울산,2023-03-01,14
울산,2023-03-02,5
울산,2023-03-03,5
울산,2023-03-04,5
울산,2023-03-05,14
울산,2023-03-06,14
울산,2023-03-07,4
울산,2023-03-08,4
울산,2023-03-09,4
울산,2023-03-10,4
울산,2023-03-11,4
울산,2023-03-12,14
울산,2023-03-13,5
울산,2023-03-14,14
울산,2023-03-15,4
울산,2023-03-16,14
울산,2023-03-17,5
울산,2023-03-18,14
울산,2023-03-19,14
울산,2023-03-20,14
울산,2023-03-21,4
울산,2023-03-22,4
울산,2023-03-23,4
울산,2023-03-24,14
울산,2023-03-25,14
울산,2023-03-26,14
울산,2023-03-27,14
울산,2023-03-28,14
울산,2023-03-29,14
울산,2023-03-30,4
울산,2023-03-31,4
울산,2023-04-01,4
울산,2023-04-02,14
울산,2023-04-03,14
울산,2023-04-04,4
울산,2023-04-05,4
울산,2023-04-06,4
울산,2023-04-07,14
울산,2023-04-08,14
울산,2023-04-09,4
울산,2023-04-10,4
울산,2023-04-11,4
울산,2023-04-12,4
울산,2023-04-13,4
울산,2023-04-14,4
울산,2023-04-15,14
울산,2023-04-16,14
울산,2023-04-17,14
울산,2023-04-18,4
울산,2023-04-19,4
울산,2023-04-20,11
울산,2023-04-21,4
울산,2023-04-22,14
울산,2023-04-23,14
울산,2023-04-24,14
울산,2023-04-25,14
울산,2023-04-26,4
울산,2023-04-27,4
울산,2023-04-28,4
울산,2023-04-29,4
울산,2023-04-30,4
울산,2023-05-01,4
울산,2023-05-02,4
울산,2023-05-03,4
울산,2023-05-04,4
울산,2023-05-05,4
울산,2023-05-06,14
울산,2023-05-07,14
울산,2023-05-08,4
울산,2023-05-09,4
울산,2023-05-10,11
울산,2023-05-11,4
울산,2023-05-12,4
울산,2023-05-13,4
울산,2023-05-14,4
울산,2023-05-15,11
울산,2023-05-16,11
울산,2023-05-17,11
울산,2023-05-18,11
울산,2023-05-19,4
울산,2023-05-20,4
울산,2023-05-21,11
울산,2023-05-22,4
울산,2023-05-23,4
울산,2023-05-24,11
울산,2023-05-25,11
울산,2023-05-26,11
울산,2023-05-27,11
울산,2023-05-28,11
울산,2023-05-29,11
울산,2023-05-30,11
울산,2023-05-31,11
울산,2023-06-01,4
울산,2023-06-02,7
울산,2023-06-03,7
울산,2023-06-04,7
울산,2023-06-05,7
울산,2023-06-06,7
울산,2023-06-07,7
울산,2023-06-08,7
울산,2023-06-09,7
울산,2023-06-10,7
울산,2023-06-11,7
울산,2023-06-12,7
울산,2023-06-13,7
광주,2022-06-15,7
광주,2022-06-16,7
광주,2022-06-17,7
광주,2022-06-18,7
광주,2022-06-19,0
광주,2022-06-20,0
광주,2022-06-21,0
광주,2022-06-22,0
광주,2022-06-23,0
광주,2022-06-24,7
광주,2022-06-25,0
광주,2022-06-26,0
광주,2022-06-27,0
광주,2022-06-28,0
광주,2022-06-29,0
광주,2022-06-30,0
광주,2022-07-01,0
광주,2022-07-02,0
광주,2022-07-03,0
광주,2022-07-04,0
광주,2022-07-05,0
광주,2022-07-06,0
광주,2022-07-07,0
광주,2022-07-08,0
광주,2022-07-09,0
광주,2022-07-10,0
광주,2022-07-11,0
광주,2022-07-12,0
광주,2022-07-13,0
광주,2022-07-14,0
광주,2022-07-15,0
광주,2022-07-16,0
광주,2022-07-17,0
광주,2022-07-18,7
광주,2022-07-19,0
광주,2022-07-20,0
광주,2022-07-21,7
광주,2022-07-22,0
광주,2022-07-23,0
광주,2022-07-24,7
광주,2022-07-25,0
광주,2022-07-26,0
광주,2022-07-27,0
광주,2022-07-28,0
광주,2022-07-29,0
광주,2022-07-30,0
광주,2022-07-31,0
광주,2022-08-01,0
광주,2022-08-02,8
광주,2022-08-03,8
광주,2022-08-04,8
광주,2022-08-05,8
광주,2022-08-06,8
광주,2022-08-07,8
광주,2022-08-08,8
광주,2022-08-09,8
광주,2022-08-10,8
광주,2022-08-11,8
광주,2022-08-12,8
광주,2022-08-13,8
광주,2022-08-14,8
광주,2022-08-15,8
광주,2022-08-16,8
광주,2022-08-17,8
광주,2022-08-18,8
광주,2022-08-19,8
광주,2022-08-20,8
광주,2022-08-21,8
광주,2022-08-22,8
광주,2022-08-23,8
광주,2022-08-24,8
광주,2022-08-25,10
광주,2022-08-26,10
광주,2022-08-27,10
광주,2022-08-28,10
광주,2022-08-29,10
광주,2022-08-30,10
광주,2022-08-31,10
광주,2022-09-01,10
광주,2022-09-02,10
광주,2022-09-03,10
광주,2022-09-04,8
광주,2022-09-05,10
광주,2022-09-06,10
광주,2022-09-07,10
광주,2022-09-08,10
광주,2022-09-09,10
광주,2022-09-10,10
광주,2022-09-11,10
광주,2022-09-12,10
광주,2022-09-13,10
광주,2022-09-14,10
광주,2022-09-15,8
광주,2022-09-16,8
광주,2022-09-17,8
광주,2022-09-18,8
광주,2022-09-19,10
광주,2022-09-20,6
광주,2022-09-21,6
광주,2022-09-22,6
광주,2022-09-23,6
광주,2022-09-24,6
광주,2022-09-25,6
광주,2022-09-26,6
광주,2022-09-27,10
광주,2022-09-28,10
광주,2022-09-29,10
광주,2022-09-30,10
광주,2022-10-01,10
광주,2022-10-02,10
광주,2022-10-03,10
광주,2022-10-04,6
광주,2022-10-05,6
광주,2022-10-06,6
광주,2022-10-07,6
광주,2022-10-08,6
광주,2022-10-09,2
광주,2022-10-10,2
광주,2022-10-11,2
광주,2022-10-12,2
광주,2022-10-13,6
광주,2022-10-14,6
광주,2022-10-15,6
광주,2022-10-16,6
광주,2022-10-17,2
광주,2022-10-18,13
광주,2022-10-19,2
광주,2022-10-20,2
광주,2022-10-21,2
광주,2022-10-22,6
광주,2022-10-23,2
광주,2022-10-24,2
광주,2022-10-25,2
광주,2022-10-26,2
광주,2022-10-27,2
광주,2022-10-28,2
광주,2022-10-29,2
광주,2022-10-30,6
광주,2022-10-31,2
광주,2022-11-01,2
광주,2022-11-02,2
광주,2022-11-03,2
광주,2022-11-04,13
광주,2022-11-05,13
광주,2022-11-06,13
광주,2022-11-07,2
광주,2022-11-08,2
광주,2022-11-09,2
광주,2022-11-10,2
광주,2022-11-11,6
광주,2022-11-12,6
광주,2022-11-13,2
광주,2022-11-14,2
광주,2022-11-15,13
광주,2022-11-16,2
광주,2022-11-17,2
광주,2022-11-18,2
광주,2022-11-19,2
광주,2022-11-20,2
광주,2022-11-21,2
광주,2022-11-22,2
광주,2022-11-23,2
광주,2022-11-24,2
광주,2022-11-25,2
광주,2022-11-26,2
광주,2022-11-27,13
광주,2022-11-28,2
광주,2022-11-29,13
광주,2022-11-30,9
광주,2022-12-01,9
광주,2022-12-02,15
광주,2022-12-03,1
광주,2022-12-04,15
광주,2022-12-05,9
광주,2022-12-06,15
광주,2022-12-07,1
광주,2022-12-08,1
광주,2022-12-09,1
광주,2022-12-10,1
광주,2022-12-11,15
광주,2022-12-12,15
광주,2022-12-13,15
광주,2022-12-14,9
광주,2022-12-15,15
광주,2022-12-16,9
광주,2022-12-17,9
광주,2022-12-18,12
광주,2022-12-19,9
광주,2022-12-20,15
광주,2022-12-21,15
광주,2022-12-22,9
광주,2022-12-23,9
광주,2022-12-24,12
광주,2022-12-25,9
광주,2022-12-26,9
광주,2022-12-27,15
광주,2022-12-28,9
광주,2022-12-29,15
광주,2022-12-30,15
광주,2022-12-31,15
광주,2023-01-01,15
광주,2023-01-02,9
광주,2023-01-03,9
광주,2023-01-04,15
광주,2023-01-05,1
광주,2023-01-06,15
광주,2023-01-07,15
광주,2023-01-08,15
광주,2023-01-09,15
광주,2023-01-10,15
광주,2023-01-11,1
광주,2023-01-12,1
광주,2023-01-13,2
광주,2023-01-14,1
광주,2023-01-15,15
광주,2023-01-16,9
광주,2023-01-17,9
광주,2023-01-18,15
광주,2023-01-19,15
광주,2023-01-20,9
광주,2023-01-21,9
광주,2023-01-22,15
광주,2023-01-23,15
광주,2023-01-24,12
광주,2023-01-25,12
광주,2023-01-26,9
광주,2023-01-27,9
광주,2023-01-28,9
광주,2023-01-29,15
광주,2023-01-30,15
광주,2023-01-31,15
광주,2023-02-01,5
광주,2023-02-02,3
광주,2023-02-03,3
광주,2023-02-04,3
광주,2023-02-05,5
광주,2023-02-06,5
광주,2023-02-07,5
광주,2023-02-08,5
광주,2023-02-09,5
광주,2023-02-10,5
광주,2023-02-11,5
광주,2023-02-12,5
광주,2023-02-13,5
광주,2023-02-14,5
광주,2023-02-15,5
광주,2023-02-16,5
광주,2023-02-17,5
광주,2023-02-18,14
광주,2023-02-19,5
광주,2023-02-20,3
광주,2023-02-21,3
광주,2023-02-22,5
광주,2023-02-23,5
광주,2023-02-24,5
광주,2023-02-25,3
광주,2023-02-26,5
광주,2023-02-27,5
광주,2023-02-28,14
광주,2023-03-01,14
광주,2023-03-02,3
광주,2023-03-03,5
광주,2023-03-04,14
광주,2023-03-05,14
광주,2023-03-06,14
광주,2023-03-07,4
광주,2023-03-08,4
광주,2023-03-09,4
광주,2023-03-10,4
광주,2023-03-11,4
광주,2023-03-12,14
광주,2023-03-13,5
광주,2023-03-14,14
광주,2023-03-15,4
광주,2023-03-16,5
광주,2023-03-17,14
광주,2023-03-18,14
광주,2023-03-19,14
광주,2023-03-20,14
광주,2023-03-21,4
광주,2023-03-22,4
광주,2023-03-23,4
광주,2023-03-24,14
광주,2023-03-25,14
광주,2023-03-26,14
광주,2023-03-27,14
광주,2023-03-28,14
광주,2023-03-29,4
광주,2023-03-30,4
광주,2023-03-31,4
광주,2023-04-01,4
광주,2023-04-02,4
광주,2023-04-03,4
광주,2023-04-04,4
광주,2023-04-05,14
광주,2023-04-06,14
광주,2023-04-07,14
광주,2023-04-08,14
광주,2023-04-09,14
광주,2023-04-10,4
광주,2023-04-11,4
광주,2023-04-12,4
광주,2023-04-13,4
광주,2023-04-14,4
광주,2023-04-15,4
광주,2023-04-16,14
광주,2023-04-17,4
광주,2023-04-18,4
광주,2023-04-19,11
광주,2023-04-20,11
광주,2023-04-21,11
광주,2023-04-22,4
광주,2023-04-23,4
광주,2023-04-24,4
광주,2023-04-25,14
광주,2023-04-26,14
광주,2023-04-27,4
광주,2023-04-28,4
광주,2023-04-29,4
광주,2023-04-30,4
광주,2023-05-01,4
광주,2023-05-02,11
광주,2023-05-03,11
광주,2023-05-04,11
광주,2023-05-05,11
광주,2023-05-06,4
광주,2023-05-07,14
광주,2023-05-08,4
광주,2023-05-09,11
광주,2023-05-10,11
광주,2023-05-11,11
광주,2023-05-12,11
광주,2023-05-13,11
광주,2023-05-14,11
광주,2023-05-15,11
광주,2023-05-16,11
광주,2023-05-17,11
광주,2023-05-18,11
광주,2023-05-19,11
광주,2023-05-20,11
광주,2023-05-21,11
광주,2023-05-22,11
광주,2023-05-23,11
광주,2023-05-24,11
광주,2023-05-25,11
광주,2023-05-26,11
광주,2023-05-27,11
광주,2023-05-28,11
광주,2023-05-29,11
광주,2023-05-30,11
광주,2023-05-31,11
광주,2023-06-01,11
광주,2023-06-02,7
광주,2023-06-03,7
광주,2023-06-04,7
광주,2023-06-05,7
광주,2023-06-06,7
광주,2023-06-07,7
광주,2023-06-08,7
광주,2023-06-09,7
광주,2023-06-10,7
광주,2023-06-11,7
광주,2023-06-12,7
광주,2023-06-13,7
부산,2022-06-15,7
부산,2022-06-16,7
부산,2022-06-17,7
부산,2022-06-18,7
부산,2022-06-19,7
부산,2022-06-20,7
부산,2022-06-21,0
부산,2022-06-22,7
부산,2022-06-23,7
부산,2022-06-24,7
부산,2022-06-25,7
부산,2022-06-26,7
부산,2022-06-27,7
부산,2022-06-28,7
부산,2022-06-29,7
부산,2022-06-30,0
부산,2022-07-01,0
부산,2022-07-02,0
부산,2022-07-03,0
부산,2022-07-04,0
부산,2022-07-05,0
부산,2022-07-06,0
부산,2022-07-07,0
부산,2022-07-08,0
부산,2022-07-09,0
부산,2022-07-10,0
부산,2022-07-11,7
부산,2022-07-12,0
부산,2022-07-13,7
부산,2022-07-14,0
부산,2022-07-15,0
부산,2022-07-16,0
부산,2022-07-17,0
부산,2022-07-18,7
부산,2022-07-19,7
부산,2022-07-20,0
부산,2022-07-21,0
부산,2022-07-22,0
부산,2022-07-23,7
부산,2022-07-24,7
부산,2022-07-25,0
부산,2022-07-26,0
부산,2022-07-27,0
부산,2022-07-28,0
부산,2022-07-29,0
부산,2022-07-30,0
부산,2022-07-31,0
부산,2022-08-01,0
부산,2022-08-02,8
부산,2022-08-03,8
부산,2022-08-04,8
부산,2022-08-05,8
부산,2022-08-06,8
부산,2022-08-07,8
부산,2022-08-08,8
부산,2022-08-09,8
부산,2022-08-10,8
부산,2022-08-11,8
부산,2022-08-12,8
부산,2022-08-13,8
부산,2022-08-14,8
부산,2022-08-15,8
부산,2022-08-16,8
부산,2022-08-17,10
부산,2022-08-18,10
부산,2022-08-19,8
부산,2022-08-20,10
부산,2022-08-21,8
부산,2022-08-22,10
부산,2022-08-23,8
부산,2022-08-24,10
부산,2022-08-25,10
부산,2022-08-26,10
부산,2022-08-27,10
부산,2022-08-28,10
부산,2022-08-29,10
부산,2022-08-30,10
부산,2022-08-31,10
부산,2022-09-01,10
부산,2022-09-02,6
부산,2022-09-03,10
부산,2022-09-04,10
부산,2022-09-05,8
부산,2022-09-06,10
부산,2022-09-07,10
부산,2022-09-08,10
부산,2022-09-09,10
부산,2022-09-10,10
부산,2022-09-11,10
부산,2022-09-12,10
부산,2022-09-13,10
부산,2022-09-14,10
부산,2022-09-15,10
부산,2022-09-16,10
부산,2022-09-17,10
부산,2022-09-18,8
부산,2022-09-19,10
부산,2022-09-20,6
부산,2022-09-21,6
부산,2022-09-22,6
부산,2022-09-23,10
부산,2022-09-24,6
부산,2022-09-25,6
부산,2022-09-26,6
부산,2022-09-27,10
부산,2022-09-28,10
부산,2022-09-29,10
부산,2022-09-30,10
부산,2022-10-01,10
부산,2022-10-02,10
부산,2022-10-03,10
부산,2022-10-04,10
부산,2022-10-05,6
부산,2022-10-06,6
부산,2022-10-07,6
부산,2022-10-08,6
부산,2022-10-09,6
부산,2022-10-10,2
부산,2022-10-11,2
부산,2022-10-12,6
부산,2022-10-13,6
부산,2022-10-14,6
부산,2022-10-15,6
부산,2022-10-16,6
부산,2022-10-17,6
부산,2022-10-18,2
부산,2022-10-19,2
부산,2022-10-20,2
부산,2022-10-21,6
부산,2022-10-22,6
부산,2022-10-23,6
부산,2022-10-24,2
부산,2022-10-25,2
부산,2022-10-26,2
부산,2022-10-27,6
부산,2022-10-28,6
부산,2022-10-29,2
부산,2022-10-30,2
부산,2022-10-31,2
부산,2022-11-01,6
부산,2022-11-02,6
부산,2022-11-03,2
부산,2022-11-04,13
부산,2022-11-05,13
부산,2022-11-06,2
부산,2022-11-07,2
부산,2022-11-08,2
부산,2022-11-09,2
부산,2022-11-10,6
부산,2022-11-11,6
부산,2022-11-12,6
부산,2022-11-13,6
부산,2022-11-14,2
부산,2022-11-15,13
부산,2022-11-16,2
부산,2022-11-19,2
부산,2022-11-20,2
부산,2022-11-21,2
부산,2022-11-22,2
부산,2022-11-23,2
부산,2022-11-24,2
부산,2022-11-25,2
부산,2022-11-26,2
부산,2022-11-27,2
부산,2022-11-28,6
부산,2022-11-29,2
부산,2022-11-30,15
부산,2022-12-01,9
부산,2022-12-02,15
부산,2022-12-03,1
부산,2022-12-04,15
부산,2022-12-05,15
부산,2022-12-06,15
부산,2022-12-07,1
부산,2022-12-08,1
부산,2022-12-09,1
부산,2022-12-10,1
부산,2022-12-11,1
부산,2022-12-12,1
부산,2022-12-13,15
부산,2022-12-14,9
부산,2022-12-15,9
부산,2022-12-16,15
부산,2022-12-17,9
부산,2022-12-18,12
부산,2022-12-19,9
부산,2022-12-20,15
부산,2022-12-21,15
부산,2022-12-22,9
부산,2022-12-23,12
부산,2022-12-24,12
부산,2022-12-25,9
부산,2022-12-26,15
부산,2022-12-27,15
부산,2022-12-28,15
부산,2022-12-29,9
부산,2022-12-30,15
부산,2022-12-31,15
부산,2023-01-01,15
부산,2023-01-02,15
부산,2023-01-03,9
부산,2023-01-04,15
부산,2023-01-05,15
부산,2023-01-06,15
부산,2023-01-07,15
부산,2023-01-08,15
부산,2023-01-09,1
부산,2023-01-10,1
부산,2023-01-11,1
부산,2023-01-12,1
부산,2023-01-13,1
부산,2023-01-14,1
부산,2023-01-15,15
부산,2023-01-16,9
부산,2023-01-17,9
부산,2023-01-18,15
부산,2023-01-19,15
부산,2023-01-20,15
부산,2023-01-21,9
부산,2023-01-22,15
부산,2023-01-23,1
부산,2023-01-24,12
부산,2023-01-25,12
부산,2023-01-26,9
부산,2023-01-27,9
부산,2023-01-28,12
부산,2023-01-29,9
부산,2023-01-30,15
부산,2023-01-31,15
부산,2023-02-01,5
부산,2023-02-02,5
부산,2023-02-03,5
부산,2023-02-04,3
부산,2023-02-05,5
부산,2023-02-06,5
부산,2023-02-07,5
부산,2023-02-08,5
부산,2023-02-09,5
부산,2023-02-10,5
부산,2023-02-11,5
부산,2023-02-12,5
부산,2023-02-13,5
부산,2023-02-14,5
부산,2023-02-15,3
부산,2023-02-16,5
부산,2023-02-17,5
부산,2023-02-18,14
부산,2023-02-19,5
부산,2023-02-20,3
부산,2023-02-21,3
부산,2023-02-22,5
부산,2023-02-23,5
부산,2023-02-24,14
부산,2023-02-25,5
부산,2023-02-26,5
부산,2023-02-27,5
부산,2023-02-28,5
부산,2023-03-01,14
부산,2023-03-02,5
부산,2023-03-03,5
부산,2023-03-04,14
부산,2023-03-05,14
부산,2023-03-06,14
부산,2023-03-07,14
부산,2023-03-08,4
부산,2023-03-09,4
부산,2023-03-10,4
부산,2023-03-11,4
부산,2023-03-12,14
부산,2023-03-13,5
부산,2023-03-14,14
부산,2023-03-15,4
부산,2023-03-16,14
부산,2023-03-17,14
부산,2023-03-18,14
부산,2023-03-19,14
부산,2023-03-20,14
부산,2023-03-21,4
부산,2023-03-22,4
부산,2023-03-23,4
부산,2023-03-24,14
부산,2023-03-25,14
부산,2023-03-26,14
부산,2023-03-27,14
부산,2023-03-28,14
부산,2023-03-29,4
부산,2023-03-30,4
부산,2023-03-31,4
부산,2023-04-01,4
부산,2023-04-02,4
부산,2023-04-03,4
부산,2023-04-04,4
부산,2023-04-05,4
부산,2023-04-06,14
부산,2023-04-07,14
부산,2023-04-08,14
부산,2023-04-09,14
부산,2023-04-10,14
부산,2023-04-11,4
부산,2023-04-12,4
부산,2023-04-13,4
부산,2023-04-14,4
부산,2023-04-15,14
부산,2023-04-16,14
부산,2023-04-17,4
부산,2023-04-18,4
부산,2023-04-19,4
부산,2023-04-20,11
부산,2023-04-21,4
부산,2023-04-22,4
부산,2023-04-23,14
부산,2023-04-24,14
부산,2023-04-25,14
부산,2023-04-26,14
부산,2023-04-27,4
부산,2023-04-28,4
부산,2023-04-29,4
부산,2023-04-30,4
부산,2023-05-01,4
부산,2023-05-02,4
부산,2023-05-03,4
부산,2023-05-04,4
부산,2023-05-05,4
부산,2023-05-06,4
부산,2023-05-07,14
부산,2023-05-08,4
부산,2023-05-09,4
부산,2023-05-10,11
부산,2023-05-11,4
부산,2023-05-12,4
부산,2023-05-13,4
부산,2023-05-14,4
부산,2023-05-15,11
부산,2023-05-16,11
부산,2023-05-17,11
부산,2023-05-18,11
부산,2023-05-19,4
부산,2023-05-20,11
부산,2023-05-21,11
부산,2023-05-22,11
부산,2023-05-23,11
부산,2023-05-25,11
부산,2023-05-26,11
부산,2023-05-27,11
부산,2023-05-28,11
부산,2023-05-29,11
부산,2023-05-30,11
부산,2023-05-31,11
부산,2023-06-01,11
부산,2023-06-02,7
부산,2023-06-03,7
부산,2023-06-04,7
부산,2023-06-05,7
부산,2023-06-06,7
부산,2023-06-07,7
부산,2023-06-08,7
부산,2023-06-09,7
부산,2023-06-10,7
부산,2023-06-11,7
부산,2023-06-12,7
부산,2023-06-13,7
목포,2022-06-15,7
목포,2022-06-16,7
목포,2022-06-17,7
목포,2022-06-18,7
목포,2022-06-19,7
목포,2022-06-20,7
목포,2022-06-21,7
목포,2022-06-22,7
목포,2022-06-23,7
목포,2022-06-24,7
목포,2022-06-25,0
목포,2022-06-26,0
목포,2022-06-27,0
목포,2022-06-28,0
목포,2022-06-29,0
목포,2022-06-30,0
목포,2022-07-01,0
목포,2022-07-02,0
목포,2022-07-03,0
목포,2022-07-04,0
목포,2022-07-05,0
목포,2022-07-06,0
목포,2022-07-07,0
목포,2022-07-08,0
목포,2022-07-09,0
목포,2022-07-10,0
목포,2022-07-11,0
목포,2022-07-12,0
목포,2022-07-13,0
목포,2022-07-14,0
목포,2022-07-15,0
목포,2022-07-16,0
목포,2022-07-17,0
목포,2022-07-18,7
목포,2022-07-19,0
목포,2022-07-20,0
목포,2022-07-21,7
목포,2022-07-22,7
목포,2022-07-23,7
목포,2022-07-24,7
목포,2022-07-25,0
목포,2022-07-26,0
목포,2022-07-27,0
목포,2022-07-28,0
목포,2022-07-29,0
목포,2022-07-30,0
목포,2022-07-31,0
목포,2022-08-01,0
목포,2022-08-02,8
목포,2022-08-03,8
목포,2022-08-04,8
목포,2022-08-05,8
목포,2022-08-06,8
목포,2022-08-07,8
목포,2022-08-08,8
목포,2022-08-09,8
목포,2022-08-10,8
목포,2022-08-11,8
목포,2022-08-12,8
목포,2022-08-13,8
목포,2022-08-14,8
목포,2022-08-15,8
목포,2022-08-16,8
목포,2022-08-17,8
목포,2022-08-18,8
목포,2022-08-19,8
목포,2022-08-20,8
목포,2022-08-21,8
목포,2022-08-22,8
목포,2022-08-23,8
목포,2022-08-24,10
목포,2022-08-25,10
목포,2022-08-26,10
목포,2022-08-27,10
목포,2022-08-28,10
목포,2022-08-29,10
목포,2022-08-30,10
목포,2022-08-31,10
목포,2022-09-01,10
목포,2022-09-02,10
목포,2022-09-03,10
목포,2022-09-04,10
목포,2022-09-05,10
목포,2022-09-06,6
목포,2022-09-07,10
목포,2022-09-08,10
목포,2022-09-09,10
목포,2022-09-10,10
목포,2022-09-11,10
목포,2022-09-12,10
목포,2022-09-13,10
목포,2022-09-14,10
목포,2022-09-15,10
목포,2022-09-16,8
목포,2022-09-17,10
목포,2022-09-18,10
목포,2022-09-19,10
목포,2022-09-20,6
목포,2022-09-21,6
목포,2022-09-22,6
목포,2022-09-23,6
목포,2022-09-24,6
목포,2022-09-25,6
목포,2022-09-26,6
목포,2022-09-27,6
목포,2022-09-28,6
목포,2022-09-29,6
목포,2022-09-30,6
목포,2022-10-01,10
목포,2022-10-02,10
목포,2022-10-03,10
목포,2022-10-04,6
목포,2022-10-05,2
목포,2022-10-06,6
목포,2022-10-07,2
목포,2022-10-08,6
목포,2022-10-09,2
목포,2022-10-10,2
목포,2022-10-11,2
목포,2022-10-12,2
목포,2022-10-13,2
목포,2022-10-14,6
목포,2022-10-15,6
목포,2022-10-16,6
목포,2022-10-17,2
목포,2022-10-18,13
목포,2022-10-19,2
목포,2022-10-20,2
목포,2022-10-21,2
목포,2022-10-22,6
목포,2022-10-23,2
목포,2022-10-24,13
목포,2022-10-25,13
목포,2022-10-26,2
목포,2022-10-27,2
목포,2022-10-28,2
목포,2022-10-29,2
목포,2022-10-30,2
목포,2022-10-31,2
목포,2022-11-01,2
목포,2022-11-02,2
목포,2022-11-03,13
목포,2022-11-04,13
목포,2022-11-05,13
목포,2022-11-06,13
목포,2022-11-07,2
목포,2022-11-08,2
목포,2022-11-09,2
목포,2022-11-10,2
목포,2022-11-11,6
목포,2022-11-12,6
목포,2022-11-13,13
목포,2022-11-14,13
목포,2022-11-15,13
목포,2022-11-16,13
목포,2022-11-17,2
목포,2022-11-18,2
목포,2022-11-19,2
목포,2022-11-20,2
목포,2022-11-21,2
목포,2022-11-22,2
목포,2022-11-23,13
목포,2022-11-24,13
목포,2022-11-25,2
목포,2022-11-26,13
목포,2022-11-27,13
목포,2022-11-28,6
목포,2022-11-29,13
목포,2022-11-30,9
목포,2022-12-01,9
목포,2022-12-02,15
목포,2022-12-03,1
목포,2022-12-04,9
목포,2022-12-05,9
목포,2022-12-06,15
목포,2022-12-07,1
목포,2022-12-08,1
목포,2022-12-09,1
목포,2022-12-10,15
목포,2022-12-11,15
목포,2022-12-12,15
목포,2022-12-13,15
목포,2022-12-14,12
목포,2022-12-15,15
목포,2022-12-16,9
목포,2022-12-17,12
목포,2022-12-18,12
목포,2022-12-19,9
목포,2022-12-20,15
목포,2022-12-21,15
목포,2022-12-22,12
목포,2022-12-23,12
목포,2022-12-24,12
목포,2022-12-25,9
목포,2022-12-26,9
목포,2022-12-27,9
목포,2022-12-28,9
목포,2022-12-29,9
목포,2022-12-30,15
목포,2022-12-31,15
목포,2023-01-01,15
목포,2023-01-02,9
목포,2023-01-03,9
목포,2023-01-04,9
목포,2023-01-05,15
목포,2023-01-06,15
목포,2023-01-07,15
목포,2023-01-08,15
목포,2023-01-09,15
목포,2023-01-10,15
목포,2023-01-11,15
목포,2023-01-12,1
목포,2023-01-13,1
목포,2023-01-14,15
목포,2023-01-15,9
목포,2023-01-16,9
목포,2023-01-17,9
목포,2023-01-18,15
목포,2023-01-19,15
목포,2023-01-20,9
목포,2023-01-21,9
목포,2023-01-22,15
목포,2023-01-23,9
목포,2023-01-24,12
목포,2023-01-25,12
목포,2023-01-26,9
목포,2023-01-27,12
목포,2023-01-28,9
목포,2023-01-29,15
목포,2023-01-30,9
목포,2023-01-31,15
목포,2023-02-01,3
목포,2023-02-02,3
목포,2023-02-03,3
목포,2023-02-04,3
목포,2023-02-05,3
목포,2023-02-06,3
목포,2023-02-07,3
목포,2023-02-08,3
목포,2023-02-09,5
목포,2023-02-10,3
목포,2023-02-11,3
목포,2023-02-12,5
목포,2023-02-13,3
목포,2023-02-14,3
목포,2023-02-15,3
목포,2023-02-16,3
목포,2023-02-17,5
목포,2023-02-18,14
목포,2023-02-19,3
목포,2023-02-20,3
목포,2023-02-21,3
목포,2023-02-22,3
목포,2023-02-23,3
목포,2023-02-24,3
목포,2023-02-25,3
목포,2023-02-26,3
목포,2023-02-27,5
목포,2023-02-28,5
목포,2023-03-01,5
목포,2023-03-02,3
목포,2023-03-03,5
목포,2023-03-04,5
목포,2023-03-05,5
목포,2023-03-06,14
목포,2023-03-07,14
목포,2023-03-08,14
목포,2023-03-09,14
목포,2023-03-10,14
목포,2023-03-11,4
목포,2023-03-12,5
목포,2023-03-13,3
목포,2023-03-14,5
목포,2023-03-15,14
목포,2023-03-16,5
목포,2023-03-17,5
목포,2023-03-18,5
목포,2023-03-19,5
목포,2023-03-20,14
목포,2023-03-21,4
목포,2023-03-22,4
목포,2023-03-23,14
목포,2023-03-24,5
목포,2023-03-25,5
목포,2023-03-26,5
목포,2023-03-27,5
목포,2023-03-28,14
목포,2023-03-29,14
목포,2023-03-30,14
목포,2023-03-31,14
목포,2023-04-01,4
목포,2023-04-02,4
목포,2023-04-03,4
목포,2023-04-04,4
목포,2023-04-05,14
목포,2023-04-06,5
목포,2023-04-07,5
목포,2023-04-08,5
목포,2023-04-09,14
목포,2023-04-10,14
목포,2023-04-11,4
목포,2023-04-12,14
목포,2023-04-13,4
목포,2023-04-14,4
목포,2023-04-15,14
목포,2023-04-16,14
목포,2023-04-17,4
목포,2023-04-18,4
목포,2023-04-19,11
목포,2023-04-20,4
목포,2023-04-21,14
목포,2023-04-22,4
목포,2023-04-23,4
목포,2023-04-24,14
목포,2023-04-25,14
목포,2023-04-26,14
목포,2023-04-27,14
목포,2023-04-28,4
목포,2023-04-29,4
목포,2023-04-30,14
목포,2023-05-01,4
목포,2023-05-02,4
목포,2023-05-03,4
목포,2023-05-04,4
목포,2023-05-05,11
목포,2023-05-06,4
목포,2023-05-07,14
목포,2023-05-08,4
목포,2023-05-09,4
목포,2023-05-10,4
목포,2023-05-11,4
목포,2023-05-12,4
목포,2023-05-13,4
목포,2023-05-14,4
목포,2023-05-15,11
목포,2023-05-16,11
목포,2023-05-17,11
목포,2023-05-18,4
목포,2023-05-19,11
목포,2023-05-20,11
목포,2023-05-21,4
목포,2023-05-22,4
목포,2023-05-23,4
목포,2023-05-24,11
목포,2023-05-25,11
목포,2023-05-26,11
목포,2023-05-27,11
목포,2023-05-28,11
목포,2023-05-29,11
목포,2023-05-30,11
목포,2023-05-31,11
목포,2023-06-01,11
목포,2023-06-02,7
목포,2023-06-03,7
목포,2023-06-04,7
목포,2023-06-05,7
목포,2023-06-06,7
목포,2023-06-07,7
목포,2023-06-08,7
목포,2023-06-09,7
목포,2023-06-10,7
목포,2023-06-11,7
목포,2023-06-12,7
목포,2023-06-13,7
여수,2022-06-15,7
여수,2022-06-16,7
여수,2022-06-17,7
여수,2022-06-18,7
여수,2022-06-19,7
여수,2022-06-20,7
여수,2022-06-21,0
여수,2022-06-22,7
여수,2022-06-23,7
여수,2022-06-24,7
여수,2022-06-25,7
여수,2022-06-26,7
여수,2022-06-27,7
여수,2022-06-28,7
여수,2022-06-29,7
여수,2022-06-30,7
여수,2022-07-01,0
여수,2022-07-02,0
여수,2022-07-03,0
여수,2022-07-04,0
여수,2022-07-05,0
여수,2022-07-06,0
여수,2022-07-07,0
여수,2022-07-08,0
여수,2022-07-09,0
여수,2022-07-10,0
여수,2022-07-11,0
여수,2022-07-12,0
여수,2022-07-13,7
여수,2022-07-14,0
여수,2022-07-15,0
여수,2022-07-16,0
여수,2022-07-17,0
여수,2022-07-18,7
여수,2022-07-19,0
여수,2022-07-20,0
여수,2022-07-21,0
여수,2022-07-22,0
여수,2022-07-23,7
여수,2022-07-24,0
여수,2022-07-25,0
여수,2022-07-26,0
여수,2022-07-27,0
여수,2022-07-28,0
여수,2022-07-29,0
여수,2022-07-30,0
여수,2022-07-31,0
여수,2022-08-01,0
여수,2022-08-02,8
여수,2022-08-03,8
여수,2022-08-04,8
여수,2022-08-05,8
여수,2022-08-06,8
여수,2022-08-07,8
여수,2022-08-08,8
여수,2022-08-09,8
여수,2022-08-10,8
여수,2022-08-11,8
여수,2022-08-12,8
여수,2022-08-13,8
여수,2022-08-14,8
여수,2022-08-15,8
여수,2022-08-16,8
여수,2022-08-17,10
여수,2022-08-18,10
여수,2022-08-19,8
여수,2022-08-20,8
여수,2022-08-21,8
여수,2022-08-22,10
여수,2022-08-23,8
여수,2022-08-24,10
여수,2022-08-25,10
여수,2022-08-26,10
여수,2022-08-27,10
여수,2022-08-28,10
여수,2022-08-29,10
여수,2022-08-30,10
여수,2022-08-31,10
여수,2022-09-01,10
여수,2022-09-02,10
여수,2022-09-03,10
여수,2022-09-04,10
여수,2022-09-05,10
여수,2022-09-06,10
여수,2022-09-07,10
여수,2022-09-08,10
여수,2022-09-09,10
여수,2022-09-10,10
여수,2022-09-11,10
여수,2022-09-12,10
여수,2022-09-13,10
여수,2022-09-14,10
여수,2022-09-15,10
여수,2022-09-16,10
여수,2022-09-17,8
여수,2022-09-18,8
여수,2022-09-19,8
여수,2022-09-20,6
여수,2022-09-21,6
여수,2022-09-22,6
여수,2022-09-23,6
여수,2022-09-24,6
여수,2022-09-25,6
여수,2022-09-26,6
여수,2022-09-27,10
여수,2022-09-28,10
여수,2022-09-29,10
여수,2022-09-30,10
여수,2022-10-01,10
여수,2022-10-02,10
여수,2022-10-03,10
여수,2022-10-04,10
여수,2022-10-05,6
여수,2022-10-06,6
여수,2022-10-07,6
여수,2022-10-08,6
여수,2022-10-09,2
여수,2022-10-10,2
여수,2022-10-11,2
여수,2022-10-12,2
여수,2022-10-13,6
여수,2022-10-14,6
여수,2022-10-15,6
여수,2022-10-16,6
여수,2022-10-17,2
여수,2022-10-18,13
여수,2022-10-19,2
여수,2022-10-20,2
여수,2022-10-21,6
여수,2022-10-22,6
여수,2022-10-23,2
여수,2022-10-24,2
여수,2022-10-25,2
여수,2022-10-26,2
여수,2022-10-27,6
여수,2022-10-28,2
여수,2022-10-29,2
여수,2022-10-30,2
여수,2022-10-31,2
여수,2022-11-01,2
여수,2022-11-02,2
여수,2022-11-03,2
여수,2022-11-04,13
여수,2022-11-05,13
여수,2022-11-06,2
여수,2022-11-07,2
여수,2022-11-08,2
여수,2022-11-09,2
여수,2022-11-10,2
여수,2022-11-11,6
여수,2022-11-12,6
여수,2022-11-13,2
여수,2022-11-14,2
여수,2022-11-15,13
여수,2022-11-16,2
여수,2022-11-17,2
여수,2022-11-18,2
여수,2022-11-19,2
여수,2022-11-20,2
여수,2022-11-21,2
여수,2022-11-22,2
여수,2022-11-23,2
여수,2022-11-24,2
여수,2022-11-25,2
여수,2022-11-26,2
여수,2022-11-27,13
여수,2022-11-28,6
여수,2022-11-29,2
여수,2022-11-30,9
여수,2022-12-01,9
여수,2022-12-02,15
여수,2022-12-03,1
여수,2022-12-04,15
여수,2022-12-05,9
여수,2022-12-06,15
여수,2022-12-07,1
여수,2022-12-08,1
여수,2022-12-09,1
여수,2022-12-10,1
여수,2022-12-11,1
여수,2022-12-12,15
여수,2022-12-13,15
여수,2022-12-14,9
여수,2022-12-15,9
여수,2022-12-16,15
여수,2022-12-17,9
여수,2022-12-18,12
여수,2022-12-19,9
여수,2022-12-20,15
여수,2022-12-21,15
여수,2022-12-22,9
여수,2022-12-23,12
여수,2022-12-24,12
여수,2022-12-25,9
여수,2022-12-26,9
여수,2022-12-27,9
여수,2022-12-28,9
여수,2022-12-29,9
여수,2022-12-30,15
여수,2022-12-31,9
여수,2023-01-01,15
여수,2023-01-02,9
여수,2023-01-03,9
여수,2023-01-04,9
여수,2023-01-05,15
여수,2023-01-06,15
여수,2023-01-07,15
여수,2023-01-08,15
여수,2023-01-09,1
여수,2023-01-10,1
여수,2023-01-11,1
여수,2023-01-12,1
여수,2023-01-13,1
여수,2023-01-14,1
여수,2023-01-15,9
여수,2023-01-16,9
여수,2023-01-17,9
여수,2023-01-18,9
여수,2023-01-19,15
여수,2023-01-20,9
여수,2023-01-21,9
여수,2023-01-22,15
여수,2023-01-23,15
여수,2023-01-24,12
여수,2023-01-25,12
여수,2023-01-26,9
여수,2023-01-27,12
여수,2023-01-28,12
여수,2023-01-29,9
여수,2023-01-30,9
여수,2023-01-31,15
여수,2023-02-01,5
여수,2023-02-02,3
여수,2023-02-03,3
여수,2023-02-04,3
여수,2023-02-05,3
여수,2023-02-06,5
여수,2023-02-07,5
여수,2023-02-08,5
여수,2023-02-10,5
여수,2023-02-11,5
여수,2023-02-12,5
여수,2023-02-13,5
여수,2023-02-14,5
여수,2023-02-15,3
여수,2023-02-16,5
여수,2023-02-17,5
여수,2023-02-18,5
여수,2023-02-19,5
여수,2023-02-20,3
여수,2023-02-21,3
여수,2023-02-22,5
여수,2023-02-23,5
여수,2023-02-24,5
여수,2023-02-25,3
여수,2023-02-26,3
여수,2023-02-27,5
여수,2023-02-28,5
여수,2023-03-01,5
여수,2023-03-02,3
여수,2023-03-03,5
여수,2023-03-04,14
여수,2023-03-05,14
여수,2023-03-06,14
여수,2023-03-07,14
여수,2023-03-08,14
여수,2023-03-09,4
여수,2023-03-10,14
여수,2023-03-11,14
여수,2023-03-12,5
여수,2023-03-13,5
여수,2023-03-14,14
여수,2023-03-15,4
여수,2023-03-16,14
여수,2023-03-17,14
여수,2023-03-18,14
여수,2023-03-19,14
여수,2023-03-20,14
여수,2023-03-21,14
여수,2023-03-22,4
여수,2023-03-23,4
여수,2023-03-24,14
여수,2023-03-25,14
여수,2023-03-26,14
여수,2023-03-27,14
여수,2023-03-28,14
여수,2023-03-29,14
여수,2023-03-30,4
여수,2023-03-31,4
여수,2023-04-01,4
여수,2023-04-02,4
여수,2023-04-03,4
여수,2023-04-04,4
여수,2023-04-05,4
여수,2023-04-06,14
여수,2023-04-07,14
여수,2023-04-08,5
여수,2023-04-09,14
여수,2023-04-10,14
여수,2023-04-11,4
여수,2023-04-12,4
여수,2023-04-13,4
여수,2023-04-14,4
여수,2023-04-15,4
여수,2023-04-16,14
여수,2023-04-17,4
여수,2023-04-18,4
여수,2023-04-19,4
여수,2023-04-20,11
여수,2023-04-21,4
여수,2023-04-22,4
여수,2023-04-23,14
여수,2023-04-24,14
여수,2023-04-25,14
여수,2023-04-26,14
여수,2023-04-27,4
여수,2023-04-28,4
여수,2023-04-29,4
여수,2023-04-30,4
여수,2023-05-01,4
여수,2023-05-02,4
여수,2023-05-03,4
여수,2023-05-04,4
여수,2023-05-05,11
여수,2023-05-06,4
여수,2023-05-07,14
여수,2023-05-08,4
여수,2023-05-09,4
여수,2023-05-10,11
여수,2023-05-11,4
여수,2023-05-12,4
여수,2023-05-13,4
여수,2023-05-14,4
여수,2023-05-15,11
여수,2023-05-16,11
여수,2023-05-17,11
여수,2023-05-18,4
여수,2023-05-19,11
여수,2023-05-20,11
여수,2023-05-21,11
여수,2023-05-22,11
여수,2023-05-23,4
여수,2023-05-24,11
여수,2023-05-25,11
여수,2023-05-26,11
여수,2023-05-27,11
여수,2023-05-28,11
여수,2023-05-29,11
여수,2023-05-30,11
여수,2023-05-31,11
여수,2023-06-01,11
여수,2023-06-02,7
여수,2023-06-03,7
여수,2023-06-04,7
여수,2023-06-05,7
여수,2023-06-06,7
여수,2023-06-07,7
여수,2023-06-08,7
여수,2023-06-09,7
여수,2023-06-10,7
여수,2023-06-11,7
여수,2023-06-12,7
여수,2023-06-13,7
제주,2022-06-15,7
제주,2022-06-16,7
제주,2022-06-17,7
제주,2022-06-18,7
제주,2022-06-19,0
제주,2022-06-20,7
제주,2022-06-21,7
제주,2022-06-22,7
제주,2022-06-23,0
제주,2022-06-24,0
제주,2022-06-25,0
제주,2022-06-26,0
제주,2022-06-27,0
제주,2022-06-28,0
제주,2022-06-29,0
제주,2022-06-30,0
제주,2022-07-01,0
제주,2022-07-02,0
제주,2022-07-03,0
제주,2022-07-04,0
제주,2022-07-05,0
제주,2022-07-06,0
제주,2022-07-07,0
제주,2022-07-08,0
제주,2022-07-09,0
제주,2022-07-10,0
제주,2022-07-11,0
제주,2022-07-12,0
제주,2022-07-13,0
제주,2022-07-14,0
제주,2022-07-15,0
제주,2022-07-16,0
제주,2022-07-17,0
제주,2022-07-18,0
제주,2022-07-19,0
제주,2022-07-20,0
제주,2022-07-21,0
제주,2022-07-22,0
제주,2022-07-23,0
제주,2022-07-24,0
제주,2022-07-25,0
제주,2022-07-26,0
제주,2022-07-27,0
제주,2022-07-28,0
제주,2022-07-29,0
제주,2022-07-30,0
제주,2022-07-31,0
제주,2022-08-01,0
제주,2022-08-02,8
제주,2022-08-03,8
제주,2022-08-04,8
제주,2022-08-05,8
제주,2022-08-06,8
제주,2022-08-07,8
제주,2022-08-08,8
제주,2022-08-09,8
제주,2022-08-10,8
제주,2022-08-11,8
제주,2022-08-12,8
제주,2022-08-13,8
제주,2022-08-14,8
제주,2022-08-15,8
제주,2022-08-16,8
제주,2022-08-17,8
제주,2022-08-18,8
제주,2022-08-19,8
제주,2022-08-20,8
제주,2022-08-21,8
제주,2022-08-22,8
제주,2022-08-23,8
제주,2022-08-24,8
제주,2022-08-25,8
제주,2022-08-26,8
제주,2022-08-27,8
제주,2022-08-28,10
제주,2022-08-29,10
제주,2022-08-30,8
제주,2022-08-31,10
제주,2022-09-01,10
제주,2022-09-02,10
제주,2022-09-03,10
제주,2022-09-04,8
제주,2022-09-05,8
제주,2022-09-06,10
제주,2022-09-07,10
제주,2022-09-08,10
제주,2022-09-09,10
제주,2022-09-10,10
제주,2022-09-11,10
제주,2022-09-12,10
제주,2022-09-13,10
제주,2022-09-14,10
제주,2022-09-15,10
제주,2022-09-16,8
제주,2022-09-17,8
제주,2022-09-18,8
제주,2022-09-19,10
제주,2022-09-20,10
제주,2022-09-21,10
제주,2022-09-22,10
제주,2022-09-23,10
제주,2022-09-24,10
제주,2022-09-25,10
제주,2022-09-26,10
제주,2022-09-27,10
제주,2022-09-28,10
제주,2022-09-29,10
제주,2022-09-30,10
제주,2022-10-01,10
제주,2022-10-02,10
제주,2022-10-03,10
제주,2022-10-04,6
제주,2022-10-05,6
제주,2022-10-06,6
제주,2022-10-07,6
제주,2022-10-08,6
제주,2022-10-09,6
제주,2022-10-10,2
제주,2022-10-11,6
제주,2022-10-12,6
제주,2022-10-13,6
제주,2022-10-14,6
제주,2022-10-15,6
제주,2022-10-16,6
제주,2022-10-17,6
제주,2022-10-18,2
제주,2022-10-19,2
제주,2022-10-20,2
제주,2022-10-21,6
제주,2022-10-22,6
제주,2022-10-23,6
제주,2022-10-24,2
제주,2022-10-25,2
제주,2022-10-26,6
제주,2022-10-27,6
제주,2022-10-28,6
제주,2022-10-29,6
제주,2022-10-30,6
제주,2022-10-31,6
제주,2022-11-01,6
제주,2022-11-02,2
제주,2022-11-03,2
제주,2022-11-04,2
제주,2022-11-05,2
제주,2022-11-06,2
제주,2022-11-07,2
제주,2022-11-08,2
제주,2022-11-09,2
제주,2022-11-10,6
제주,2022-11-11,6
제주,2022-11-12,6
제주,2022-11-13,2
제주,2022-11-14,2
제주,2022-11-15,2
제주,2022-11-16,2
제주,2022-11-17,2
제주,2022-11-18,2
제주,2022-11-19,6
제주,2022-11-20,2
제주,2022-11-21,2
제주,2022-11-22,2
제주,2022-11-23,2
제주,2022-11-24,2
제주,2022-11-25,2
제주,2022-11-26,2
제주,2022-11-27,2
제주,2022-11-28,10
제주,2022-11-29,2
제주,2022-11-30,15
제주,2022-12-01,15
제주,2022-12-02,1
제주,2022-12-03,1
제주,2022-12-04,1
제주,2022-12-05,15
제주,2022-12-06,1
제주,2022-12-07,1
제주,2022-12-08,1
제주,2022-12-09,1
제주,2022-12-10,1
제주,2022-12-11,1
제주,2022-12-12,1
제주,2022-12-13,1
제주,2022-12-14,15
제주,2022-12-15,1
제주,2022-12-16,15
제주,2022-12-17,9
제주,2022-12-18,9
제주,2022-12-19,15
제주,2022-12-20,1
제주,2022-12-21,1
제주,2022-12-22,9
제주,2022-12-23,9
제주,2022-12-24,15
제주,2022-12-25,15
제주,2022-12-26,1
제주,2022-12-27,1
제주,2022-12-28,1
제주,2022-12-29,15
제주,2022-12-30,1
제주,2022-12-31,1
제주,2023-01-01,1
제주,2023-01-02,15
제주,2023-01-03,15
제주,2023-01-04,1
제주,2023-01-05,1
제주,2023-01-06,1
제주,2023-01-07,1
제주,2023-01-08,1
제주,2023-01-09,1
제주,2023-01-10,1
제주,2023-01-11,1
제주,2023-01-12,1
제주,2023-01-13,7
제주,2023-01-14,1
제주,2023-01-15,15
제주,2023-01-16,15
제주,2023-01-17,15
제주,2023-01-18,15
제주,2023-01-19,1
제주,2023-01-20,15
제주,2023-01-21,15
제주,2023-01-22,1
제주,2023-01-23,1
제주,2023-01-24,12
제주,2023-01-25,9
제주,2023-01-26,15
제주,2023-01-27,9
제주,2023-01-28,9
제주,2023-01-29,15
제주,2023-01-30,15
제주,2023-01-31,1
제주,2023-02-01,5
제주,2023-02-02,3
제주,2023-02-03,3
제주,2023-02-04,5
제주,2023-02-05,5
제주,2023-02-06,5
제주,2023-02-07,14
제주,2023-02-08,5
제주,2023-02-09,14
제주,2023-02-10,5
제주,2023-02-11,14
제주,2023-02-12,14
제주,2023-02-13,5
제주,2023-02-14,5
제주,2023-02-15,5
제주,2023-02-16,5
제주,2023-02-17,14
제주,2023-02-18,4
제주,2023-02-19,5
제주,2023-02-20,5
제주,2023-02-21,3
제주,2023-02-22,5
제주,2023-02-23,5
제주,2023-02-24,5
제주,2023-02-25,3
제주,2023-02-26,5
제주,2023-02-27,5
제주,2023-02-28,14
제주,2023-03-01,14
제주,2023-03-02,5
제주,2023-03-03,5
제주,2023-03-04,14
제주,2023-03-05,14
제주,2023-03-06,14
제주,2023-03-07,4
제주,2023-03-08,4
제주,2023-03-09,4
제주,2023-03-10,4
제주,2023-03-11,4
제주,2023-03-12,14
제주,2023-03-13,5
제주,2023-03-14,14
제주,2023-03-15,4
제주,2023-03-16,14
제주,2023-03-17,14
제주,2023-03-18,14
제주,2023-03-19,14
제주,2023-03-20,14
제주,2023-03-21,4
제주,2023-03-22,4
제주,2023-03-23,4
제주,2023-03-24,14
제주,2023-03-25,14
제주,2023-03-26,14
제주,2023-03-27,14
제주,2023-03-28,14
제주,2023-03-29,4
제주,2023-03-30,4
제주,2023-03-31,4
제주,2023-04-01,4
제주,2023-04-02,4
제주,2023-04-03,4
제주,2023-04-04,4
제주,2023-04-05,4
제주,2023-04-06,14
제주,2023-04-07,14
제주,2023-04-08,14
제주,2023-04-09,14
제주,2023-04-10,4
제주,2023-04-11,11
제주,2023-04-12,4
제주,2023-04-13,4
제주,2023-04-14,4
제주,2023-04-15,4
제주,2023-04-16,14
제주,2023-04-17,4
제주,2023-04-18,11
제주,2023-04-19,11
제주,2023-04-20,11
제주,2023-04-21,4
제주,2023-04-22,4
제주,2023-04-23,4
제주,2023-04-24,4
제주,2023-04-25,14
제주,2023-04-26,14
제주,2023-04-27,14
제주,2023-04-28,11
제주,2023-04-29,4
제주,2023-04-30,4
제주,2023-05-01,4
제주,2023-05-02,11
제주,2023-05-03,4
제주,2023-05-04,11
제주,2023-05-05,11
제주,2023-05-06,4
제주,2023-05-07,4
제주,2023-05-08,4
제주,2023-05-09,4
제주,2023-05-10,11
제주,2023-05-11,11
제주,2023-05-12,4
제주,2023-05-13,4
제주,2023-05-14,4
제주,2023-05-15,11
제주,2023-05-16,11
제주,2023-05-17,11
제주,2023-05-18,11
제주,2023-05-19,11
제주,2023-05-20,11
제주,2023-05-21,4
제주,2023-05-22,4
제주,2023-05-23,11
제주,2023-05-24,11
제주,2023-05-25,11
제주,2023-05-26,11
제주,2023-05-27,11
제주,2023-05-28,7
제주,2023-05-29,11
제주,2023-05-30,11
제주,2023-05-31,11
제주,2023-06-01,11
제주,2023-06-03,7
제주,2023-06-04,7
제주,2023-06-05,7
제주,2023-06-06,7
제주,2023-06-08,7
제주,2023-06-09,7
제주,2023-06-10,7
제주,2023-06-11,7
제주,2023-06-12,7
제주,2023-06-13,7
